tag,n_detected,n_truth,px_per_mm,sigma_px,MAE_mm,max_mm,RMSE_mm,MAPE_pct,image,timestamp
W1,14,14,17.0065,1.7779,0.0325,0.1155,0.0422,3.57,5\W1.png,2026-07-21T16:23:35
W10,14,14,17.0495,1.7501,0.0369,0.1478,0.0501,3.86,5\W10.png,2026-07-21T16:23:43
W2,14,14,17.0729,1.747,0.0501,0.1408,0.0596,5.89,5\W2.png,2026-07-21T16:23:53
W3,14,14,17.0466,1.7912,0.0425,0.1543,0.0548,4.52,5\W3.png,2026-07-21T16:24:02
W4,14,14,17.3217,1.7926,0.0525,0.1213,0.0588,6.15,5\W4.png,2026-07-21T16:24:10
W5,14,14,16.9916,1.7668,0.0413,0.1422,0.0524,4.52,5\W5.png,2026-07-21T16:24:20
W6,14,14,16.7589,1.7659,0.0406,0.1398,0.052,4.36,5\W6.png,2026-07-21T16:24:30
W7,14,14,17.0801,1.697,0.0466,0.145,0.0568,5.15,5\W7.png,2026-07-21T16:24:40
W8,14,14,17.0661,1.754,0.045,0.1419,0.0548,5.06,5\W8.png,2026-07-21T16:24:51
W9,14,14,16.6956,1.6937,0.0399,0.1601,0.0546,4.18,5\W9.png,2026-07-21T16:25:01
WW1,14,14,17.7728,1.9064,0.043,0.2224,0.0716,3.85,6\WW1.png,2026-07-21T16:33:15
WW10,14,14,19.3148,2.5738,0.102,0.2976,0.134,10.3,6\WW10.png,2026-07-21T16:33:29
WW2,14,14,17.8188,1.97,0.0737,0.2672,0.1035,6.94,6\WW2.png,2026-07-21T16:33:40
WW3,14,14,17.8912,2.2547,0.0816,0.2812,0.1163,7.55,6\WW3.png,2026-07-21T16:33:52
WW4,14,14,18.1311,2.2676,0.0929,0.2774,0.1196,8.89,6\WW4.png,2026-07-21T16:34:04
WW5,14,14,18.393,2.4798,0.1129,0.3004,0.1467,10.54,6\WW5.png,2026-07-21T16:34:16
WW6,14,14,18.2164,2.6238,0.1175,0.3005,0.1446,11.3,6\WW6.png,2026-07-21T16:34:26
WW7,14,14,18.5678,2.6275,0.1187,0.2971,0.1444,11.46,6\WW7.png,2026-07-21T16:34:35
WW8,14,14,18.1159,2.5035,0.1011,0.2879,0.1255,9.79,6\WW8.png,2026-07-21T16:34:47
WW9,14,14,17.9904,2.5092,0.0927,0.2828,0.1213,9.02,6\WW9.png,2026-07-21T16:34:56
FA1,14,14,16.9352,1.7227,0.0765,0.2622,0.104,7.2,7\FA1.png,2026-07-21T16:36:02
FA10,14,14,17.4918,1.6198,0.0571,0.2495,0.0852,6.07,7\FA10.png,2026-07-21T16:36:11
FA2,14,14,17.8489,1.6237,0.0922,0.183,0.1112,10.7,7\FA2.png,2026-07-21T16:36:21
FA3,14,14,17.4144,1.5694,0.0621,0.2489,0.0897,6.47,7\FA3.png,2026-07-21T16:36:30
FA4,14,14,16.9223,1.477,0.0508,0.1673,0.0703,4.54,7\FA4.png,2026-07-21T16:36:42
FA5,14,14,17.0202,1.3073,0.0827,0.2282,0.1104,8.43,7\FA5.png,2026-07-21T16:36:54
FA6,14,14,16.7454,1.5073,0.0868,0.2311,0.1126,9.25,7\FA6.png,2026-07-21T16:37:06
FA7,14,14,17.5878,1.5221,0.0812,0.2616,0.1163,7.27,7\FA7.png,2026-07-21T16:37:19
FA8,14,14,17.2288,1.3257,0.0604,0.2054,0.0797,5.73,7\FA8.png,2026-07-21T16:37:28
FA9,14,14,17.0498,1.505,0.0609,0.1634,0.0763,5.9,7\FA9.png,2026-07-21T16:37:39
FA1,14,14,16.8793,1.6841,0.0507,0.1484,0.0655,4.89,7\FA1.png,2026-07-21T16:39:15
FA10,14,14,17.4776,1.4684,0.063,0.2448,0.0881,6.69,7\FA10.png,2026-07-21T16:39:25
FA2,14,14,17.8344,1.6624,0.0677,0.1458,0.0821,6.86,7\FA2.png,2026-07-21T16:39:35
FA3,14,14,17.3902,1.5588,0.0773,0.3306,0.1144,7.67,7\FA3.png,2026-07-21T16:39:44
FA4,14,14,16.8903,1.433,0.036,0.1119,0.0495,3.44,7\FA4.png,2026-07-21T16:39:53
FA5,14,14,16.9937,1.3682,0.0857,0.2765,0.1211,8.56,7\FA5.png,2026-07-21T16:40:03
FA6,14,14,16.7775,1.5281,0.0735,0.2088,0.0991,7.4,7\FA6.png,2026-07-21T16:40:13
FA7,14,14,17.6397,1.5689,0.083,0.2271,0.1107,7.33,7\FA7.png,2026-07-21T16:40:24
FA8,14,14,17.1921,1.3029,0.083,0.2722,0.1134,7.38,7\FA8.png,2026-07-21T16:40:32
FA9,14,14,17.0409,1.5375,0.0377,0.1102,0.0505,3.84,7\FA9.png,2026-07-21T16:40:40
WO1,14,14,17.228,1.8348,0.0421,0.0859,0.0492,5.29,8\WO1.png,2026-07-21T16:41:56
WO10,14,14,16.5673,1.8498,0.036,0.0693,0.0393,4.02,8\WO10.png,2026-07-21T16:42:06
WO2,14,14,16.9595,1.8707,0.0244,0.0501,0.0295,2.63,8\WO2.png,2026-07-21T16:42:15
WO3,14,14,16.7088,1.7002,0.0254,0.0549,0.0302,2.75,8\WO3.png,2026-07-21T16:42:25
WO4,14,14,16.7254,1.8082,0.0275,0.052,0.031,3.26,8\WO4.png,2026-07-21T16:42:34
WO5,14,14,16.5035,1.7314,0.0322,0.068,0.0357,3.54,8\WO5.png,2026-07-21T16:42:42
WO6,14,14,16.7611,1.8794,0.0242,0.0486,0.0297,2.71,8\WO6.png,2026-07-21T16:42:52
WO7,14,14,16.6493,1.7622,0.0212,0.0621,0.029,2.08,8\WO7.png,2026-07-21T16:43:01
WO8,14,14,16.5479,1.8234,0.0281,0.0607,0.0318,3.16,8\WO8.png,2026-07-21T16:43:10
WO9,14,14,16.4645,1.7262,0.038,0.0678,0.0425,4.36,8\WO9.png,2026-07-21T16:43:19
1784091624,14,14,17.406,1.4015,0.0187,0.0522,0.0227,2.08,1\1784091624.png,2026-07-22T15:24:27
1784091635,14,14,17.1562,1.4583,0.0176,0.0519,0.0217,1.95,1\1784091635.png,2026-07-22T15:24:44
1784091644,14,14,17.5125,1.387,0.0217,0.0661,0.028,2.32,1\1784091644.png,2026-07-22T15:25:03
1784091653,14,14,17.1105,1.5324,0.0205,0.0704,0.0277,2.17,1\1784091653.png,2026-07-22T15:25:16
1784091662,14,14,17.2944,1.3138,0.0192,0.0591,0.0243,2.01,1\1784091662.png,2026-07-22T15:25:25
1784091673,14,14,17.4462,1.3846,0.0216,0.0631,0.0269,2.34,1\1784091673.png,2026-07-22T15:25:36
1784091683,14,14,17.2374,1.426,0.0202,0.061,0.0256,2.11,1\1784091683.png,2026-07-22T15:25:46
1784091694,14,14,17.2789,1.4021,0.0208,0.0601,0.0264,2.21,1\1784091694.png,2026-07-22T15:25:55
1784091703,14,14,17.0709,1.3635,0.0223,0.0621,0.0271,2.4,1\1784091703.png,2026-07-22T15:26:07
1784091715,14,14,17.1704,1.3092,0.0213,0.059,0.0261,2.28,1\1784091715.png,2026-07-22T15:26:18
1784092680,14,14,16.8695,1.3167,0.1322,0.358,0.1667,17.81,2\1784092680.png,2026-07-22T15:27:32
1784092691,14,14,17.4388,1.3028,0.102,0.3655,0.1488,12.87,2\1784092691.png,2026-07-22T15:27:45
1784092701,14,14,17.0828,1.23,0.1285,0.4617,0.1862,17.24,2\1784092701.png,2026-07-22T15:27:59
1784092714,14,14,17.2882,1.3167,0.0514,0.2056,0.0732,5.98,2\1784092714.png,2026-07-22T15:28:10
1784092727,14,14,16.8786,1.4091,0.0774,0.283,0.1085,9.09,2\1784092727.png,2026-07-22T15:28:21
1784092738,14,14,17.4431,1.2727,0.1239,0.3823,0.1797,16.66,2\1784092738.png,2026-07-22T15:28:34
1784092750,14,14,16.6882,1.4336,0.1045,0.324,0.1469,13.96,2\1784092750.png,2026-07-22T15:28:49
1784092763,14,14,17.0152,1.3439,0.1569,0.3967,0.2008,21.81,2\1784092763.png,2026-07-22T15:29:01
1784092788,14,14,16.9415,1.2721,0.1153,0.3519,0.1571,14.82,2\1784092788.png,2026-07-22T15:29:13
1784092801,14,14,16.7243,1.3871,0.1767,0.8307,0.2715,24.01,2\1784092801.png,2026-07-22T15:29:25
1784092076,14,14,17.5751,1.4109,0.0794,0.5588,0.1588,7.53,3\1784092076.png,2026-07-22T15:41:48
1784092086,14,14,17.7481,1.3714,0.1129,0.6378,0.2071,9.75,3\1784092086.png,2026-07-22T15:42:01
1784092096,14,14,17.4693,1.3574,0.0879,0.4994,0.1598,7.34,3\1784092096.png,2026-07-22T15:42:12
1784092106,14,14,17.5277,1.3769,0.1304,0.5785,0.2172,13.32,3\1784092106.png,2026-07-22T15:42:27
1784092116,14,14,17.501,1.4172,0.0942,0.3098,0.1398,8.28,3\1784092116.png,2026-07-22T15:42:41
1784092126,14,14,17.7173,1.4004,0.0527,0.1651,0.0685,5.58,3\1784092126.png,2026-07-22T15:42:49
1784092135,14,14,17.3048,1.3148,0.0821,0.5193,0.1607,7.94,3\1784092135.png,2026-07-22T15:43:01
1784092146,14,14,17.4032,1.3633,0.0944,0.499,0.1616,8.61,3\1784092146.png,2026-07-22T15:43:12
1784092155,14,14,17.6821,1.4735,0.0632,0.4043,0.1164,6.39,3\1784092155.png,2026-07-22T15:43:25
1784092168,14,14,17.6334,1.3621,0.0401,0.0951,0.0475,4.75,3\1784092168.png,2026-07-22T15:43:36
1784092257,14,14,16.9941,1.3808,0.0479,0.1198,0.0599,6.84,4\1784092257.png,2026-07-22T15:46:02
1784092265,14,14,17.0729,1.3358,0.0755,0.4479,0.1322,9.86,4\1784092265.png,2026-07-22T15:46:12
1784092273,14,14,16.8597,1.4025,0.0791,0.4021,0.1233,10.43,4\1784092273.png,2026-07-22T15:46:22
1784092283,14,14,17.1528,1.4373,0.0727,0.3679,0.1159,9.78,4\1784092283.png,2026-07-22T15:46:32
1784092293,14,14,16.9087,1.3125,0.071,0.449,0.1304,9.28,4\1784092293.png,2026-07-22T15:46:41
1784092301,14,14,16.9075,1.3236,0.0806,0.4369,0.1329,10.7,4\1784092301.png,2026-07-22T15:46:51
1784092309,14,14,16.8866,1.3762,0.0845,0.4405,0.1336,11.06,4\1784092309.png,2026-07-22T15:46:59
1784092317,14,14,16.9986,1.43,0.0845,0.4674,0.1396,11.0,4\1784092317.png,2026-07-22T15:47:11
1784092325,14,14,17.0296,1.357,0.0895,0.4635,0.1519,10.91,4\1784092325.png,2026-07-22T15:47:19
1784092334,14,14,17.0031,1.322,0.0804,0.4971,0.1467,10.09,4\1784092334.png,2026-07-22T15:47:30
