folder,variant,MAE14,pcMAE,n_missing,subres,sigma_med
1_opaque_W_VisionCrack3,band0.60,0.019631428571428553,0.02043571428571429,1,0,1.3942588822813544
1_opaque_W_VisionCrack3,full,0.019631428571428553,0.02043571428571429,1,0,1.3942588822813544
1_opaque_W_VisionCrack3,lsf_sigma,0.018978571428571435,0.019571428571428583,1,0,1.6672590106010237
1_opaque_W_VisionCrack3,margin1.0,0.019995714285714273,0.020781428571428565,1,0,1.3942588822813544
1_opaque_W_VisionCrack3,margin2.0,0.01968357142857141,0.020472142857142862,1,0,1.3942588822813544
1_opaque_W_VisionCrack3,no_deconv,0.02838928571428569,0.028633571428571432,1,0,1.3942588822813544
1_opaque_W_VisionCrack3,no_masked_bg,0.034959285714285755,0.036016428571428574,1,0,1.3942588822813544
1_opaque_W_VisionCrack3,rev3_window,0.019794285714285716,0.020554285714285733,1,0,1.3942588822813544
1_opaque_W_VisionCrack3,smooth15,0.019560000000000004,0.020372857142857147,1,0,1.3942588822813544
1_opaque_W_VisionCrack3,smooth35,0.019672857142857183,0.020482857142857146,1,0,1.3942588822813544
1_opaque_W_VisionCrack3,win0.4,0.019480000000000004,0.020264285714285724,1,0,1.3942588822813544
1_opaque_W_VisionCrack3,win0.8,0.019809999999999977,0.020565714285714288,1,0,1.3942588822813544
2_opaque_WW_VisionCrack3,band0.60,0.10841642857142861,0.1169607142857143,1,1,1.3167737940014281
2_opaque_WW_VisionCrack3,full,0.10841642857142861,0.1169607142857143,1,1,1.3167737940014281
2_opaque_WW_VisionCrack3,lsf_sigma,0.11132285714285717,0.12162999999999999,1,2,1.567850248140703
2_opaque_WW_VisionCrack3,margin1.0,0.10059428571428576,0.11170428571428573,1,1,1.3167737940014281
2_opaque_WW_VisionCrack3,margin2.0,0.11311357142857145,0.120785,1,1,1.3167737940014281
2_opaque_WW_VisionCrack3,no_deconv,0.1062307142857143,0.11847214285714287,1,1,1.3167737940014281
2_opaque_WW_VisionCrack3,no_masked_bg,0.17904,0.18540714285714285,1,0,1.3167737940014281
2_opaque_WW_VisionCrack3,rev3_window,0.17906142857142857,0.21355428571428572,1,12,1.3167737940014281
2_opaque_WW_VisionCrack3,smooth15,0.10780214285714287,0.12006357142857142,1,1,1.3167737940014281
2_opaque_WW_VisionCrack3,smooth35,0.11263499999999997,0.12022642857142858,1,1,1.3167737940014281
2_opaque_WW_VisionCrack3,win0.4,0.09997785714285715,0.11010357142857144,1,1,1.3167737940014281
2_opaque_WW_VisionCrack3,win0.8,0.15789214285714287,0.16391214285714287,1,5,1.3167737940014281
3_opaque_FA_VisionCrack3,band0.60,0.08089142857142859,0.08373285714285714,1,2,1.374141616060111
3_opaque_FA_VisionCrack3,full,0.08089142857142859,0.08373285714285714,1,2,1.374141616060111
3_opaque_FA_VisionCrack3,lsf_sigma,0.08685000000000002,0.08891857142857143,1,4,1.5655548108508515
3_opaque_FA_VisionCrack3,margin1.0,0.0728721428571429,0.07771642857142858,1,2,1.374141616060111
3_opaque_FA_VisionCrack3,margin2.0,0.09274499999999998,0.09485071428571429,1,2,1.374141616060111
3_opaque_FA_VisionCrack3,no_deconv,0.08379071428571432,0.08627928571428571,1,2,1.374141616060111
3_opaque_FA_VisionCrack3,no_masked_bg,0.14113642857142855,0.14254785714285714,1,1,1.374141616060111
3_opaque_FA_VisionCrack3,rev3_window,0.1357507142857143,0.1439192857142857,1,6,1.374141616060111
3_opaque_FA_VisionCrack3,smooth15,0.0590742857142857,0.06474714285714285,1,3,1.374141616060111
3_opaque_FA_VisionCrack3,smooth35,0.10000214285714286,0.10273642857142858,1,2,1.374141616060111
3_opaque_FA_VisionCrack3,win0.4,0.0662035714285714,0.06877928571428572,1,2,1.374141616060111
3_opaque_FA_VisionCrack3,win0.8,0.09350785714285716,0.09795071428571427,1,2,1.374141616060111
4_opaque_WO_VisionCrack3,band0.60,0.07435357142857146,0.07657357142857142,1,1,1.3666109558778443
4_opaque_WO_VisionCrack3,full,0.07435357142857146,0.07657357142857142,1,1,1.3666109558778443
4_opaque_WO_VisionCrack3,lsf_sigma,0.0787992857142857,0.08127214285714288,1,1,1.5751904281352285
4_opaque_WO_VisionCrack3,margin1.0,0.06505785714285718,0.06730500000000002,1,1,1.3666109558778443
4_opaque_WO_VisionCrack3,margin2.0,0.07629285714285713,0.07902285714285713,1,1,1.3666109558778443
4_opaque_WO_VisionCrack3,no_deconv,0.07153142857142858,0.07378857142857143,1,0,1.3666109558778443
4_opaque_WO_VisionCrack3,no_masked_bg,0.13531214285714288,0.13588071428571427,1,0,1.3666109558778443
4_opaque_WO_VisionCrack3,rev3_window,0.08265642857142855,0.08750071428571428,1,3,1.3666109558778443
4_opaque_WO_VisionCrack3,smooth15,0.0637214285714286,0.06718714285714286,1,1,1.3666109558778443
4_opaque_WO_VisionCrack3,smooth35,0.08066714285714285,0.08293428571428571,1,1,1.3666109558778443
4_opaque_WO_VisionCrack3,win0.4,0.07483071428571429,0.07812928571428572,1,1,1.3666109558778443
4_opaque_WO_VisionCrack3,win0.8,0.062715,0.06549785714285715,1,1,1.3666109558778443
5_transparent_W_VisionCrack3,band0.60,0.042437142857142854,0.04277285714285715,0,0,1.7596589773444211
5_transparent_W_VisionCrack3,full,0.042437142857142854,0.04277285714285715,0,0,1.7596589773444211
5_transparent_W_VisionCrack3,lsf_sigma,0.03688714285714286,0.03733000000000001,0,0,2.0094257154910733
5_transparent_W_VisionCrack3,margin1.0,0.04035642857142858,0.040935000000000006,0,0,1.7596589773444211
5_transparent_W_VisionCrack3,margin2.0,0.04451000000000003,0.04471857142857143,0,0,1.7596589773444211
5_transparent_W_VisionCrack3,no_deconv,0.02207785714285714,0.02443499999999999,0,0,1.7596589773444211
5_transparent_W_VisionCrack3,no_masked_bg,0.057107142857142856,0.05976285714285715,0,0,1.7596589773444211
5_transparent_W_VisionCrack3,rev3_window,0.04475214285714286,0.04509785714285715,0,0,1.7596589773444211
5_transparent_W_VisionCrack3,smooth15,0.04163857142857148,0.04208428571428572,0,0,1.7596589773444211
5_transparent_W_VisionCrack3,smooth35,0.044155,0.044392142857142866,0,0,1.7596589773444211
5_transparent_W_VisionCrack3,win0.4,0.03639857142857144,0.036919999999999994,0,0,1.7596589773444211
5_transparent_W_VisionCrack3,win0.8,0.04361571428571431,0.04388428571428571,0,0,1.7596589773444211
6_transparent_WW_VisionCrack3,band0.60,0.08682857142857144,0.09388,0,10,2.490753221943591
6_transparent_WW_VisionCrack3,full,0.08682857142857144,0.09388,0,10,2.490753221943591
6_transparent_WW_VisionCrack3,lsf_sigma,0.09299285714285711,0.09780142857142857,0,9,2.439757605012815
6_transparent_WW_VisionCrack3,margin1.0,0.054787857142857145,0.06423642857142856,0,10,2.490753221943591
6_transparent_WW_VisionCrack3,margin2.0,0.10216571428571426,0.10804714285714287,0,9,2.490753221943591
6_transparent_WW_VisionCrack3,no_deconv,0.08592142857142857,0.08854000000000001,0,2,2.490753221943591
6_transparent_WW_VisionCrack3,no_masked_bg,0.1404057142857143,0.1480957142857143,0,8,2.490753221943591
6_transparent_WW_VisionCrack3,rev3_window,0.08365928571428569,0.0888007142857143,0,8,2.490753221943591
6_transparent_WW_VisionCrack3,smooth15,0.08432285714285712,0.09041142857142857,0,9,2.490753221943591
6_transparent_WW_VisionCrack3,smooth35,0.09416285714285717,0.10111142857142856,0,10,2.490753221943591
6_transparent_WW_VisionCrack3,win0.4,0.07297928571428576,0.08037071428571428,0,11,2.490753221943591
6_transparent_WW_VisionCrack3,win0.8,0.08793428571428574,0.09321285714285714,0,9,2.490753221943591
7_transparent_FA_VisionCrack3,band0.60,0.0642307142857143,0.065495,0,0,1.5329993322705218
7_transparent_FA_VisionCrack3,full,0.0642307142857143,0.065495,0,0,1.5329993322705218
7_transparent_FA_VisionCrack3,lsf_sigma,0.06737642857142859,0.06849785714285715,0,1,1.640530110165465
7_transparent_FA_VisionCrack3,margin1.0,0.05899714285714287,0.060224285714285716,0,0,1.5329993322705218
7_transparent_FA_VisionCrack3,margin2.0,0.06878142857142858,0.07037857142857143,0,0,1.5329993322705218
7_transparent_FA_VisionCrack3,no_deconv,0.06671714285714282,0.06757142857142857,0,0,1.5329993322705218
7_transparent_FA_VisionCrack3,no_masked_bg,0.10922357142857146,0.111235,0,0,1.5329993322705218
7_transparent_FA_VisionCrack3,rev3_window,0.12674285714285713,0.13395285714285715,0,2,1.5329993322705218
7_transparent_FA_VisionCrack3,smooth15,0.05609357142857145,0.05772642857142857,0,1,1.5329993322705218
7_transparent_FA_VisionCrack3,smooth35,0.07266214285714287,0.07386928571428573,0,0,1.5329993322705218
7_transparent_FA_VisionCrack3,win0.4,0.04319428571428569,0.04460714285714286,0,0,1.5329993322705218
7_transparent_FA_VisionCrack3,win0.8,0.09662785714285713,0.09726499999999999,0,0,1.5329993322705218
8_transparent_WO_VisionCrack3,band0.60,0.02490571428571428,0.030487142857142862,0,0,1.8058744920836451
8_transparent_WO_VisionCrack3,full,0.02490571428571428,0.030487142857142862,0,0,1.8058744920836451
8_transparent_WO_VisionCrack3,lsf_sigma,0.026117142857142887,0.03173285714285715,0,0,1.960781116232835
8_transparent_WO_VisionCrack3,margin1.0,0.03025785714285714,0.03339071428571429,0,0,1.8058744920836451
8_transparent_WO_VisionCrack3,margin2.0,0.022077142857142833,0.028785714285714286,0,0,1.8058744920836451
8_transparent_WO_VisionCrack3,no_deconv,0.020904285714285733,0.026492857142857134,0,0,1.8058744920836451
8_transparent_WO_VisionCrack3,no_masked_bg,0.04718857142857143,0.05635714285714286,0,0,1.8058744920836451
8_transparent_WO_VisionCrack3,rev3_window,0.024319999999999998,0.028040000000000002,0,0,1.8058744920836451
8_transparent_WO_VisionCrack3,smooth15,0.028330714285714296,0.032616428571428574,0,0,1.8058744920836451
8_transparent_WO_VisionCrack3,smooth35,0.020948571428571393,0.026848571428571427,0,0,1.8058744920836451
8_transparent_WO_VisionCrack3,win0.4,0.03239071428571431,0.03600071428571429,0,0,1.8058744920836451
8_transparent_WO_VisionCrack3,win0.8,0.020232857142857143,0.02575857142857143,0,0,1.8058744920836451
