folder,tag,variant,truth,est,sigma,subres,n
5_transparent_W_VisionCrack3,W1,sig_swap,0.5,0.5609,1.39425,0,14
5_transparent_W_VisionCrack3,W1,sig_swap,0.55,0.5905,1.39425,0,14
5_transparent_W_VisionCrack3,W1,sig_swap,0.6,0.6684,1.39425,0,14
5_transparent_W_VisionCrack3,W1,sig_swap,0.65,0.6861,1.39425,0,14
5_transparent_W_VisionCrack3,W1,sig_swap,0.7,0.7227,1.39425,0,14
5_transparent_W_VisionCrack3,W1,sig_swap,0.75,0.7639,1.39425,0,14
5_transparent_W_VisionCrack3,W1,sig_swap,0.8,0.8418,1.39425,0,14
5_transparent_W_VisionCrack3,W1,sig_swap,0.85,0.8905,1.39425,0,14
5_transparent_W_VisionCrack3,W1,sig_swap,0.9,0.9352,1.39425,0,14
5_transparent_W_VisionCrack3,W1,sig_swap,0.95,0.9677,1.39425,0,14
5_transparent_W_VisionCrack3,W1,sig_swap,1.0,1.0,1.39425,0,14
5_transparent_W_VisionCrack3,W1,sig_swap,1.5,1.5331,1.39425,0,14
5_transparent_W_VisionCrack3,W1,sig_swap,2.0,1.9663,1.39425,0,14
5_transparent_W_VisionCrack3,W1,sig_swap,2.5,2.3731,1.39425,0,14
5_transparent_W_VisionCrack3,W10,sig_swap,0.5,0.5542,1.39425,0,14
5_transparent_W_VisionCrack3,W10,sig_swap,0.55,0.5913,1.39425,0,14
5_transparent_W_VisionCrack3,W10,sig_swap,0.6,0.6662,1.39425,0,14
5_transparent_W_VisionCrack3,W10,sig_swap,0.65,0.6814,1.39425,0,14
5_transparent_W_VisionCrack3,W10,sig_swap,0.7,0.7309,1.39425,0,14
5_transparent_W_VisionCrack3,W10,sig_swap,0.75,0.7677,1.39425,0,14
5_transparent_W_VisionCrack3,W10,sig_swap,0.8,0.8387,1.39425,0,14
5_transparent_W_VisionCrack3,W10,sig_swap,0.85,0.893,1.39425,0,14
5_transparent_W_VisionCrack3,W10,sig_swap,0.9,0.9301,1.39425,0,14
5_transparent_W_VisionCrack3,W10,sig_swap,0.95,0.9702,1.39425,0,14
5_transparent_W_VisionCrack3,W10,sig_swap,1.0,1.0062,1.39425,0,14
5_transparent_W_VisionCrack3,W10,sig_swap,1.5,1.5296,1.39425,0,14
5_transparent_W_VisionCrack3,W10,sig_swap,2.0,1.951,1.39425,0,14
5_transparent_W_VisionCrack3,W10,sig_swap,2.5,2.3394,1.39425,0,14
5_transparent_W_VisionCrack3,W2,sig_swap,0.5,0.5857,1.39425,0,14
5_transparent_W_VisionCrack3,W2,sig_swap,0.55,0.6028,1.39425,0,14
5_transparent_W_VisionCrack3,W2,sig_swap,0.6,0.6916,1.39425,0,14
5_transparent_W_VisionCrack3,W2,sig_swap,0.65,0.718,1.39425,0,14
5_transparent_W_VisionCrack3,W2,sig_swap,0.7,0.7439,1.39425,0,14
5_transparent_W_VisionCrack3,W2,sig_swap,0.75,0.7728,1.39425,0,14
5_transparent_W_VisionCrack3,W2,sig_swap,0.8,0.861,1.39425,0,14
5_transparent_W_VisionCrack3,W2,sig_swap,0.85,0.9102,1.39425,0,14
5_transparent_W_VisionCrack3,W2,sig_swap,0.9,0.9466,1.39425,0,14
5_transparent_W_VisionCrack3,W2,sig_swap,0.95,0.9849,1.39425,0,14
5_transparent_W_VisionCrack3,W2,sig_swap,1.0,1.0024,1.39425,0,14
5_transparent_W_VisionCrack3,W2,sig_swap,1.5,1.5296,1.39425,0,14
5_transparent_W_VisionCrack3,W2,sig_swap,2.0,1.9521,1.39425,0,14
5_transparent_W_VisionCrack3,W2,sig_swap,2.5,2.3472,1.39425,0,14
5_transparent_W_VisionCrack3,W3,sig_swap,0.5,0.5562,1.39425,0,14
5_transparent_W_VisionCrack3,W3,sig_swap,0.55,0.5946,1.39425,0,14
5_transparent_W_VisionCrack3,W3,sig_swap,0.6,0.6721,1.39425,0,14
5_transparent_W_VisionCrack3,W3,sig_swap,0.65,0.6967,1.39425,0,14
5_transparent_W_VisionCrack3,W3,sig_swap,0.7,0.7342,1.39425,0,14
5_transparent_W_VisionCrack3,W3,sig_swap,0.75,0.7617,1.39425,0,14
5_transparent_W_VisionCrack3,W3,sig_swap,0.8,0.8405,1.39425,0,14
5_transparent_W_VisionCrack3,W3,sig_swap,0.85,0.9126,1.39425,0,14
5_transparent_W_VisionCrack3,W3,sig_swap,0.9,0.9461,1.39425,0,14
5_transparent_W_VisionCrack3,W3,sig_swap,0.95,0.976,1.39425,0,14
5_transparent_W_VisionCrack3,W3,sig_swap,1.0,1.0199,1.39425,0,14
5_transparent_W_VisionCrack3,W3,sig_swap,1.5,1.5198,1.39425,0,14
5_transparent_W_VisionCrack3,W3,sig_swap,2.0,1.9414,1.39425,0,14
5_transparent_W_VisionCrack3,W3,sig_swap,2.5,2.3293,1.39425,0,14
5_transparent_W_VisionCrack3,W4,sig_swap,0.5,0.5653,1.39425,0,14
5_transparent_W_VisionCrack3,W4,sig_swap,0.55,0.606,1.39425,0,14
5_transparent_W_VisionCrack3,W4,sig_swap,0.6,0.6854,1.39425,0,14
5_transparent_W_VisionCrack3,W4,sig_swap,0.65,0.7161,1.39425,0,14
5_transparent_W_VisionCrack3,W4,sig_swap,0.7,0.7489,1.39425,0,14
5_transparent_W_VisionCrack3,W4,sig_swap,0.75,0.7704,1.39425,0,14
5_transparent_W_VisionCrack3,W4,sig_swap,0.8,0.8799,1.39425,0,14
5_transparent_W_VisionCrack3,W4,sig_swap,0.85,0.9205,1.39425,0,14
5_transparent_W_VisionCrack3,W4,sig_swap,0.9,0.957,1.39425,0,14
5_transparent_W_VisionCrack3,W4,sig_swap,0.95,0.9905,1.39425,0,14
5_transparent_W_VisionCrack3,W4,sig_swap,1.0,1.0263,1.39425,0,14
5_transparent_W_VisionCrack3,W4,sig_swap,1.5,1.5511,1.39425,0,14
5_transparent_W_VisionCrack3,W4,sig_swap,2.0,1.9675,1.39425,0,14
5_transparent_W_VisionCrack3,W4,sig_swap,2.5,2.3606,1.39425,0,14
5_transparent_W_VisionCrack3,W5,sig_swap,0.5,0.5563,1.39425,0,14
5_transparent_W_VisionCrack3,W5,sig_swap,0.55,0.5976,1.39425,0,14
5_transparent_W_VisionCrack3,W5,sig_swap,0.6,0.6697,1.39425,0,14
5_transparent_W_VisionCrack3,W5,sig_swap,0.65,0.6978,1.39425,0,14
5_transparent_W_VisionCrack3,W5,sig_swap,0.7,0.7224,1.39425,0,14
5_transparent_W_VisionCrack3,W5,sig_swap,0.75,0.7572,1.39425,0,14
5_transparent_W_VisionCrack3,W5,sig_swap,0.8,0.8398,1.39425,0,14
5_transparent_W_VisionCrack3,W5,sig_swap,0.85,0.9078,1.39425,0,14
5_transparent_W_VisionCrack3,W5,sig_swap,0.9,0.9332,1.39425,0,14
5_transparent_W_VisionCrack3,W5,sig_swap,0.95,0.969,1.39425,0,14
5_transparent_W_VisionCrack3,W5,sig_swap,1.0,1.0152,1.39425,0,14
5_transparent_W_VisionCrack3,W5,sig_swap,1.5,1.5261,1.39425,0,14
5_transparent_W_VisionCrack3,W5,sig_swap,2.0,1.9458,1.39425,0,14
5_transparent_W_VisionCrack3,W5,sig_swap,2.5,2.3325,1.39425,0,14
5_transparent_W_VisionCrack3,W6,sig_swap,0.5,0.551,1.39425,0,14
5_transparent_W_VisionCrack3,W6,sig_swap,0.55,0.5865,1.39425,0,14
5_transparent_W_VisionCrack3,W6,sig_swap,0.6,0.6818,1.39425,0,14
5_transparent_W_VisionCrack3,W6,sig_swap,0.65,0.6962,1.39425,0,14
5_transparent_W_VisionCrack3,W6,sig_swap,0.7,0.7358,1.39425,0,14
5_transparent_W_VisionCrack3,W6,sig_swap,0.75,0.7567,1.39425,0,14
5_transparent_W_VisionCrack3,W6,sig_swap,0.8,0.8509,1.39425,0,14
5_transparent_W_VisionCrack3,W6,sig_swap,0.85,0.9188,1.39425,0,14
5_transparent_W_VisionCrack3,W6,sig_swap,0.9,0.9407,1.39425,0,14
5_transparent_W_VisionCrack3,W6,sig_swap,0.95,0.9733,1.39425,0,14
5_transparent_W_VisionCrack3,W6,sig_swap,1.0,1.0181,1.39425,0,14
5_transparent_W_VisionCrack3,W6,sig_swap,1.5,1.5315,1.39425,0,14
5_transparent_W_VisionCrack3,W6,sig_swap,2.0,1.9573,1.39425,0,14
5_transparent_W_VisionCrack3,W6,sig_swap,2.5,2.3459,1.39425,0,14
5_transparent_W_VisionCrack3,W7,sig_swap,0.5,0.5561,1.39425,0,14
5_transparent_W_VisionCrack3,W7,sig_swap,0.55,0.5969,1.39425,0,14
5_transparent_W_VisionCrack3,W7,sig_swap,0.6,0.6797,1.39425,0,14
5_transparent_W_VisionCrack3,W7,sig_swap,0.65,0.6964,1.39425,0,14
5_transparent_W_VisionCrack3,W7,sig_swap,0.7,0.7355,1.39425,0,14
5_transparent_W_VisionCrack3,W7,sig_swap,0.75,0.7596,1.39425,0,14
5_transparent_W_VisionCrack3,W7,sig_swap,0.8,0.8649,1.39425,0,14
5_transparent_W_VisionCrack3,W7,sig_swap,0.85,0.9024,1.39425,0,14
5_transparent_W_VisionCrack3,W7,sig_swap,0.9,0.9605,1.39425,0,14
5_transparent_W_VisionCrack3,W7,sig_swap,0.95,0.9789,1.39425,0,14
5_transparent_W_VisionCrack3,W7,sig_swap,1.0,1.0211,1.39425,0,14
5_transparent_W_VisionCrack3,W7,sig_swap,1.5,1.5387,1.39425,0,14
5_transparent_W_VisionCrack3,W7,sig_swap,2.0,1.9565,1.39425,0,14
5_transparent_W_VisionCrack3,W7,sig_swap,2.5,2.3443,1.39425,0,14
5_transparent_W_VisionCrack3,W8,sig_swap,0.5,0.5538,1.39425,0,14
5_transparent_W_VisionCrack3,W8,sig_swap,0.55,0.6116,1.39425,0,14
5_transparent_W_VisionCrack3,W8,sig_swap,0.6,0.6834,1.39425,0,14
5_transparent_W_VisionCrack3,W8,sig_swap,0.65,0.7031,1.39425,0,14
5_transparent_W_VisionCrack3,W8,sig_swap,0.7,0.7437,1.39425,0,14
5_transparent_W_VisionCrack3,W8,sig_swap,0.75,0.7621,1.39425,0,14
5_transparent_W_VisionCrack3,W8,sig_swap,0.8,0.8526,1.39425,0,14
5_transparent_W_VisionCrack3,W8,sig_swap,0.85,0.9098,1.39425,0,14
5_transparent_W_VisionCrack3,W8,sig_swap,0.9,0.9342,1.39425,0,14
5_transparent_W_VisionCrack3,W8,sig_swap,0.95,0.9834,1.39425,0,14
5_transparent_W_VisionCrack3,W8,sig_swap,1.0,1.0201,1.39425,0,14
5_transparent_W_VisionCrack3,W8,sig_swap,1.5,1.5321,1.39425,0,14
5_transparent_W_VisionCrack3,W8,sig_swap,2.0,1.9553,1.39425,0,14
5_transparent_W_VisionCrack3,W8,sig_swap,2.5,2.3434,1.39425,0,14
5_transparent_W_VisionCrack3,W9,sig_swap,0.5,0.5503,1.39425,0,14
5_transparent_W_VisionCrack3,W9,sig_swap,0.55,0.5875,1.39425,0,14
5_transparent_W_VisionCrack3,W9,sig_swap,0.6,0.6723,1.39425,0,14
5_transparent_W_VisionCrack3,W9,sig_swap,0.65,0.6889,1.39425,0,14
5_transparent_W_VisionCrack3,W9,sig_swap,0.7,0.7244,1.39425,0,14
5_transparent_W_VisionCrack3,W9,sig_swap,0.75,0.7409,1.39425,0,14
5_transparent_W_VisionCrack3,W9,sig_swap,0.8,0.828,1.39425,0,14
5_transparent_W_VisionCrack3,W9,sig_swap,0.85,0.8861,1.39425,0,14
5_transparent_W_VisionCrack3,W9,sig_swap,0.9,0.9183,1.39425,0,14
5_transparent_W_VisionCrack3,W9,sig_swap,0.95,0.9622,1.39425,0,14
5_transparent_W_VisionCrack3,W9,sig_swap,1.0,1.0021,1.39425,0,14
5_transparent_W_VisionCrack3,W9,sig_swap,1.5,1.5141,1.39425,0,14
5_transparent_W_VisionCrack3,W9,sig_swap,2.0,1.9226,1.39425,0,14
5_transparent_W_VisionCrack3,W9,sig_swap,2.5,2.3135,1.39425,0,14
