cond,tag,truth,est,fwhm_mm,ndet,err
4_opaque_WO,1784092257,0.5,0.4039,0.4574,14,-0.0961
4_opaque_WO,1784092257,0.55,0.4302,0.4765,14,-0.1198
4_opaque_WO,1784092257,0.6,0.5291,0.5706,14,-0.0709
4_opaque_WO,1784092257,0.65,0.5889,0.6266,14,-0.0611
4_opaque_WO,1784092257,0.7,0.6696,0.7009,14,-0.0304
4_opaque_WO,1784092257,0.75,0.685,0.7159,14,-0.065
4_opaque_WO,1784092257,0.8,0.8206,0.8481,14,0.0206
4_opaque_WO,1784092257,0.85,0.9162,0.9477,14,0.0662
4_opaque_WO,1784092257,0.9,0.9036,0.9357,14,0.0036
4_opaque_WO,1784092257,0.95,0.9693,1.0073,14,0.0193
4_opaque_WO,1784092257,1.0,1.0096,1.0466,14,0.0096
4_opaque_WO,1784092257,1.5,1.5833,1.6278,14,0.0833
4_opaque_WO,1784092257,2.0,2.024,2.0738,14,0.024
4_opaque_WO,1784092257,2.5,2.4988,2.5343,14,-0.0012
4_opaque_WO,1784092265,0.5,0.4035,0.4475,15,-0.0965
4_opaque_WO,1784092265,0.55,0.45,0.4906,15,-0.1
4_opaque_WO,1784092265,0.6,0.5389,0.575,15,-0.0611
4_opaque_WO,1784092265,0.65,0.5795,0.6139,15,-0.0705
4_opaque_WO,1784092265,0.7,0.6526,0.6847,15,-0.0474
4_opaque_WO,1784092265,0.75,0.6851,0.7164,15,-0.0649
4_opaque_WO,1784092265,0.8,0.7953,0.8245,15,-0.0047
4_opaque_WO,1784092265,0.85,1.2979,1.3245,15,0.4479
4_opaque_WO,1784092265,0.9,0.8938,0.9218,15,-0.0062
4_opaque_WO,1784092265,0.95,0.932,0.9596,15,-0.018
4_opaque_WO,1784092265,1.0,1.0003,1.0275,15,0.0003
4_opaque_WO,1784092265,1.5,1.5878,1.6151,15,0.0878
4_opaque_WO,1784092265,2.0,2.0288,2.0585,15,0.0288
4_opaque_WO,1784092265,2.5,2.4778,2.5107,15,-0.0222
4_opaque_WO,1784092273,0.5,0.3966,0.4465,15,-0.1034
4_opaque_WO,1784092273,0.55,0.4438,0.4899,15,-0.1062
4_opaque_WO,1784092273,0.6,0.5414,0.5817,15,-0.0586
4_opaque_WO,1784092273,0.65,0.5831,0.6217,15,-0.0669
4_opaque_WO,1784092273,0.7,0.6236,0.6607,15,-0.0764
4_opaque_WO,1784092273,0.75,0.6666,0.7024,15,-0.0834
4_opaque_WO,1784092273,0.8,0.7893,0.8223,15,-0.0107
4_opaque_WO,1784092273,0.85,1.2521,1.282,15,0.4021
4_opaque_WO,1784092273,0.9,0.8651,0.8969,15,-0.0349
4_opaque_WO,1784092273,0.95,0.9196,0.9509,15,-0.0304
4_opaque_WO,1784092273,1.0,1.0134,1.0439,15,0.0134
4_opaque_WO,1784092273,1.5,1.5693,1.5999,15,0.0693
4_opaque_WO,1784092273,2.0,2.0225,2.0557,15,0.0225
4_opaque_WO,1784092273,2.5,2.4709,2.5078,15,-0.0291
4_opaque_WO,1784092283,0.5,0.3746,0.4289,16,-0.1254
4_opaque_WO,1784092283,0.55,0.4691,0.5161,16,-0.0809
4_opaque_WO,1784092283,0.6,0.5387,0.5821,16,-0.0613
4_opaque_WO,1784092283,0.65,0.584,0.6256,16,-0.066
4_opaque_WO,1784092283,0.7,0.6427,0.6825,16,-0.0573
4_opaque_WO,1784092283,0.75,0.6559,0.6953,16,-0.0941
4_opaque_WO,1784092283,0.8,0.7898,0.8268,16,-0.0102
4_opaque_WO,1784092283,0.85,1.2179,1.2536,16,0.3679
4_opaque_WO,1784092283,0.9,0.8724,0.9085,16,-0.0276
4_opaque_WO,1784092283,0.95,0.9476,0.9833,16,-0.0024
4_opaque_WO,1784092283,1.0,1.0065,1.042,16,0.0065
4_opaque_WO,1784092283,1.5,1.5934,1.6317,16,0.0934
4_opaque_WO,1784092283,2.0,2.0202,2.063,16,0.0202
4_opaque_WO,1784092283,2.5,2.5051,2.554,16,0.0051
4_opaque_WO,1784092293,0.5,0.4187,0.4646,14,-0.0813
4_opaque_WO,1784092293,0.55,0.4558,0.4951,14,-0.0942
4_opaque_WO,1784092293,0.6,0.5246,0.5618,14,-0.0754
4_opaque_WO,1784092293,0.65,0.6211,0.6533,14,-0.0289
4_opaque_WO,1784092293,0.7,0.6603,0.6877,14,-0.0397
4_opaque_WO,1784092293,0.75,0.6741,0.6989,14,-0.0759
4_opaque_WO,1784092293,0.8,0.8037,0.8282,14,0.0037
4_opaque_WO,1784092293,0.85,1.299,1.3208,14,0.449
4_opaque_WO,1784092293,0.9,0.8863,0.9094,14,-0.0137
4_opaque_WO,1784092293,0.95,0.9348,0.9619,14,-0.0152
4_opaque_WO,1784092293,1.0,0.995,1.0227,14,-0.005
4_opaque_WO,1784092293,1.5,1.5782,1.6054,14,0.0782
4_opaque_WO,1784092293,2.0,2.0262,2.056,14,0.0262
4_opaque_WO,1784092293,2.5,2.5072,2.5346,14,0.0072
4_opaque_WO,1784092301,0.5,0.4019,0.445,16,-0.0981
4_opaque_WO,1784092301,0.55,0.4292,0.4702,16,-0.1208
4_opaque_WO,1784092301,0.6,0.5278,0.563,16,-0.0722
4_opaque_WO,1784092301,0.65,0.5681,0.6014,16,-0.0819
4_opaque_WO,1784092301,0.7,0.6535,0.6839,16,-0.0465
4_opaque_WO,1784092301,0.75,0.6658,0.6958,16,-0.0842
4_opaque_WO,1784092301,0.8,0.7957,0.8228,16,-0.0043
4_opaque_WO,1784092301,0.85,1.2869,1.3099,16,0.4369
4_opaque_WO,1784092301,0.9,0.8739,0.8998,16,-0.0261
4_opaque_WO,1784092301,0.95,0.938,0.9631,16,-0.012
4_opaque_WO,1784092301,1.0,1.0151,1.0394,16,0.0151
4_opaque_WO,1784092301,1.5,1.5934,1.6164,16,0.0934
4_opaque_WO,1784092301,2.0,2.0348,2.0589,16,0.0348
4_opaque_WO,1784092301,2.5,2.4979,2.5241,16,-0.0021
4_opaque_WO,1784092309,0.5,0.405,0.4519,15,-0.095
4_opaque_WO,1784092309,0.55,0.4375,0.4818,15,-0.1125
4_opaque_WO,1784092309,0.6,0.5332,0.5718,15,-0.0668
4_opaque_WO,1784092309,0.65,0.57,0.6069,15,-0.08
4_opaque_WO,1784092309,0.7,0.6218,0.6568,15,-0.0782
4_opaque_WO,1784092309,0.75,0.6719,0.7053,15,-0.0781
4_opaque_WO,1784092309,0.8,0.7879,0.8187,15,-0.0121
4_opaque_WO,1784092309,0.85,1.2905,1.3177,15,0.4405
4_opaque_WO,1784092309,0.9,0.8612,0.8909,15,-0.0388
4_opaque_WO,1784092309,0.95,0.9267,0.9556,15,-0.0233
4_opaque_WO,1784092309,1.0,1.0233,1.0513,15,0.0233
4_opaque_WO,1784092309,1.5,1.5844,1.6119,15,0.0844
4_opaque_WO,1784092309,2.0,2.0225,2.052,15,0.0225
4_opaque_WO,1784092309,2.5,2.4721,2.5045,15,-0.0279
4_opaque_WO,1784092317,0.5,0.3864,0.4453,14,-0.1136
4_opaque_WO,1784092317,0.55,0.4425,0.4897,14,-0.1075
4_opaque_WO,1784092317,0.6,0.5268,0.5697,14,-0.0732
4_opaque_WO,1784092317,0.65,0.5832,0.6217,14,-0.0668
4_opaque_WO,1784092317,0.7,0.6591,0.6909,14,-0.0409
4_opaque_WO,1784092317,0.75,0.661,0.6901,14,-0.089
4_opaque_WO,1784092317,0.8,0.8044,0.8316,14,0.0044
4_opaque_WO,1784092317,0.85,1.3174,1.3383,14,0.4674
4_opaque_WO,1784092317,0.9,0.8645,0.8871,14,-0.0355
4_opaque_WO,1784092317,0.95,0.9297,0.9544,14,-0.0203
4_opaque_WO,1784092317,1.0,1.0165,1.0409,14,0.0165
4_opaque_WO,1784092317,1.5,1.5779,1.5965,14,0.0779
4_opaque_WO,1784092317,2.0,2.0334,2.0554,14,0.0334
4_opaque_WO,1784092317,2.5,2.4631,2.505,14,-0.0369
4_opaque_WO,1784092325,0.5,0.4314,0.4753,14,-0.0686
4_opaque_WO,1784092325,0.55,0.4634,0.505,14,-0.0866
4_opaque_WO,1784092325,0.6,0.572,0.6083,14,-0.028
4_opaque_WO,1784092325,0.65,0.626,0.6609,14,-0.024
4_opaque_WO,1784092325,0.7,0.6795,0.7125,14,-0.0205
4_opaque_WO,1784092325,0.75,0.7327,0.7639,14,-0.0173
4_opaque_WO,1784092325,0.8,1.0744,1.1021,14,0.2744
4_opaque_WO,1784092325,0.85,1.3135,1.3423,14,0.4635
4_opaque_WO,1784092325,0.9,0.9575,0.9882,14,0.0575
4_opaque_WO,1784092325,0.95,0.9643,0.9984,14,0.0143
4_opaque_WO,1784092325,1.0,1.0302,1.0675,14,0.0302
4_opaque_WO,1784092325,1.5,1.6137,1.661,14,0.1137
4_opaque_WO,1784092325,2.0,2.0256,2.0817,14,0.0256
4_opaque_WO,1784092325,2.5,2.4716,2.5367,14,-0.0284
4_opaque_WO,1784092334,0.5,0.4215,0.4621,14,-0.0785
4_opaque_WO,1784092334,0.55,0.4575,0.4952,14,-0.0925
4_opaque_WO,1784092334,0.6,0.5571,0.5916,14,-0.0429
4_opaque_WO,1784092334,0.65,0.6249,0.6566,14,-0.0251
4_opaque_WO,1784092334,0.7,0.6817,0.7115,14,-0.0183
4_opaque_WO,1784092334,0.75,0.7067,0.7352,14,-0.0433
4_opaque_WO,1784092334,0.8,0.9516,0.976,14,0.1516
4_opaque_WO,1784092334,0.85,1.3471,1.3713,14,0.4971
4_opaque_WO,1784092334,0.9,0.8931,0.9199,14,-0.0069
4_opaque_WO,1784092334,0.95,0.9514,0.9825,14,0.0014
4_opaque_WO,1784092334,1.0,1.0211,1.0553,14,0.0211
4_opaque_WO,1784092334,1.5,1.6005,1.6434,14,0.1005
4_opaque_WO,1784092334,2.0,2.03,2.0796,14,0.03
4_opaque_WO,1784092334,2.5,2.4832,2.5391,14,-0.0168
8_transparent_WO,WO1,0.5,0.5405,0.6137,14,0.0405
8_transparent_WO,WO1,0.55,0.5728,0.6456,14,0.0228
8_transparent_WO,WO1,0.6,0.6823,0.75,14,0.0823
8_transparent_WO,WO1,0.65,0.7209,0.7867,14,0.0709
8_transparent_WO,WO1,0.7,0.7121,0.7762,14,0.0121
8_transparent_WO,WO1,0.75,0.8359,0.8946,14,0.0859
8_transparent_WO,WO1,0.8,0.8331,0.8874,14,0.0331
8_transparent_WO,WO1,0.85,0.8978,0.9477,14,0.0478
8_transparent_WO,WO1,0.9,0.9412,0.9924,14,0.0412
8_transparent_WO,WO1,0.95,0.9428,0.9964,14,-0.0072
8_transparent_WO,WO1,1.0,0.9697,1.0275,14,-0.0303
8_transparent_WO,WO1,1.5,1.5438,1.6134,14,0.0438
8_transparent_WO,WO1,2.0,1.9952,2.0849,14,-0.0048
8_transparent_WO,WO1,2.5,2.4337,2.5385,14,-0.0663
8_transparent_WO,WO10,0.5,0.4845,0.558,14,-0.0155
8_transparent_WO,WO10,0.55,0.5098,0.5805,14,-0.0402
8_transparent_WO,WO10,0.6,0.6162,0.6758,14,0.0162
8_transparent_WO,WO10,0.65,0.6265,0.6854,14,-0.0235
8_transparent_WO,WO10,0.7,0.6729,0.7274,14,-0.0271
8_transparent_WO,WO10,0.75,0.7177,0.7702,14,-0.0323
8_transparent_WO,WO10,0.8,0.7632,0.8147,14,-0.0368
8_transparent_WO,WO10,0.85,0.8093,0.861,14,-0.0407
8_transparent_WO,WO10,0.9,0.8601,0.9144,14,-0.0399
8_transparent_WO,WO10,0.95,0.9043,0.9593,14,-0.0457
8_transparent_WO,WO10,1.0,0.9307,0.9897,14,-0.0693
8_transparent_WO,WO10,1.5,1.5383,1.6011,14,0.0383
8_transparent_WO,WO10,2.0,1.9842,2.0621,14,-0.0158
8_transparent_WO,WO10,2.5,2.4374,2.5262,14,-0.0626
8_transparent_WO,WO2,0.5,0.4808,0.5597,14,-0.0192
8_transparent_WO,WO2,0.55,0.5501,0.6197,14,0.0001
8_transparent_WO,WO2,0.6,0.6441,0.7077,14,0.0441
8_transparent_WO,WO2,0.65,0.6573,0.7211,14,0.0073
8_transparent_WO,WO2,0.7,0.6823,0.7419,14,-0.0177
8_transparent_WO,WO2,0.75,0.751,0.809,14,0.001
8_transparent_WO,WO2,0.8,0.7727,0.8303,14,-0.0273
8_transparent_WO,WO2,0.85,0.837,0.8973,14,-0.013
8_transparent_WO,WO2,0.9,0.8633,0.9256,14,-0.0367
8_transparent_WO,WO2,0.95,0.9244,0.989,14,-0.0256
8_transparent_WO,WO2,1.0,0.9479,1.0143,14,-0.0521
8_transparent_WO,WO2,1.5,1.5431,1.6144,14,0.0431
8_transparent_WO,WO2,2.0,1.9841,2.0711,14,-0.0159
8_transparent_WO,WO2,2.5,2.4494,2.5303,14,-0.0506
8_transparent_WO,WO3,0.5,0.5066,0.5731,14,0.0066
8_transparent_WO,WO3,0.55,0.5322,0.5971,14,-0.0178
8_transparent_WO,WO3,0.6,0.6281,0.6878,14,0.0281
8_transparent_WO,WO3,0.65,0.6414,0.6995,14,-0.0086
8_transparent_WO,WO3,0.7,0.6608,0.7158,14,-0.0392
8_transparent_WO,WO3,0.75,0.7534,0.8045,14,0.0034
8_transparent_WO,WO3,0.8,0.7674,0.8182,14,-0.0326
8_transparent_WO,WO3,0.85,0.8156,0.8643,14,-0.0344
8_transparent_WO,WO3,0.9,0.8701,0.92,14,-0.0299
8_transparent_WO,WO3,0.95,0.9342,0.9859,14,-0.0158
8_transparent_WO,WO3,1.0,0.952,1.0061,14,-0.048
8_transparent_WO,WO3,1.5,1.542,1.6038,14,0.042
8_transparent_WO,WO3,2.0,1.99,2.0664,14,-0.01
8_transparent_WO,WO3,2.5,2.4367,2.52,14,-0.0633
8_transparent_WO,WO4,0.5,0.4637,0.538,14,-0.0363
8_transparent_WO,WO4,0.55,0.5227,0.5922,14,-0.0273
8_transparent_WO,WO4,0.6,0.6144,0.6761,14,0.0144
8_transparent_WO,WO4,0.65,0.637,0.6959,14,-0.013
8_transparent_WO,WO4,0.7,0.686,0.7393,14,-0.014
8_transparent_WO,WO4,0.75,0.7089,0.7596,14,-0.0411
8_transparent_WO,WO4,0.8,0.7782,0.8245,14,-0.0218
8_transparent_WO,WO4,0.85,0.8229,0.8687,14,-0.0271
8_transparent_WO,WO4,0.9,0.8705,0.9195,14,-0.0295
8_transparent_WO,WO4,0.95,0.9297,0.9808,14,-0.0203
8_transparent_WO,WO4,1.0,0.9483,1.0012,14,-0.0517
8_transparent_WO,WO4,1.5,1.5506,1.6074,14,0.0506
8_transparent_WO,WO4,2.0,1.9975,2.0659,14,-0.0025
8_transparent_WO,WO4,2.5,2.4629,2.5272,14,-0.0371
8_transparent_WO,WO5,0.5,0.4718,0.545,14,-0.0282
8_transparent_WO,WO5,0.55,0.5347,0.5988,14,-0.0153
8_transparent_WO,WO5,0.6,0.6258,0.6828,14,0.0258
8_transparent_WO,WO5,0.65,0.6388,0.6961,14,-0.0112
8_transparent_WO,WO5,0.7,0.6756,0.7298,14,-0.0244
8_transparent_WO,WO5,0.75,0.7146,0.768,14,-0.0354
8_transparent_WO,WO5,0.8,0.7695,0.8214,14,-0.0305
8_transparent_WO,WO5,0.85,0.8136,0.8679,14,-0.0364
8_transparent_WO,WO5,0.9,0.8628,0.9177,14,-0.0372
8_transparent_WO,WO5,0.95,0.9251,0.9804,14,-0.0249
8_transparent_WO,WO5,1.0,0.9392,0.9976,14,-0.0608
8_transparent_WO,WO5,1.5,1.5357,1.6027,14,0.0357
8_transparent_WO,WO5,2.0,1.983,2.0666,14,-0.017
8_transparent_WO,WO5,2.5,2.432,2.5223,14,-0.068
8_transparent_WO,WO6,0.5,0.4661,0.547,14,-0.0339
8_transparent_WO,WO6,0.55,0.5176,0.5951,14,-0.0324
8_transparent_WO,WO6,0.6,0.604,0.675,14,0.004
8_transparent_WO,WO6,0.65,0.6426,0.708,14,-0.0074
8_transparent_WO,WO6,0.7,0.6878,0.7487,14,-0.0122
8_transparent_WO,WO6,0.75,0.7527,0.8073,14,0.0027
8_transparent_WO,WO6,0.8,0.7703,0.8218,14,-0.0297
8_transparent_WO,WO6,0.85,0.8491,0.897,14,-0.0009
8_transparent_WO,WO6,0.9,0.8624,0.9135,14,-0.0376
8_transparent_WO,WO6,0.95,0.8989,0.9545,14,-0.0511
8_transparent_WO,WO6,1.0,0.9479,1.0049,14,-0.0521
8_transparent_WO,WO6,1.5,1.5348,1.5988,14,0.0348
8_transparent_WO,WO6,2.0,1.9973,2.0736,14,-0.0027
8_transparent_WO,WO6,2.5,2.446,2.5326,14,-0.054
8_transparent_WO,WO7,0.5,0.4821,0.5531,14,-0.0179
8_transparent_WO,WO7,0.55,0.5538,0.6161,14,0.0038
8_transparent_WO,WO7,0.6,0.6196,0.6769,14,0.0196
8_transparent_WO,WO7,0.65,0.6503,0.7067,14,0.0003
8_transparent_WO,WO7,0.7,0.7008,0.7525,14,0.0008
8_transparent_WO,WO7,0.75,0.75,0.7995,14,-0.0
8_transparent_WO,WO7,0.8,0.7629,0.8131,14,-0.0371
8_transparent_WO,WO7,0.85,0.8604,0.9135,14,0.0104
8_transparent_WO,WO7,0.9,0.8858,0.9431,14,-0.0142
8_transparent_WO,WO7,0.95,0.9269,0.9882,14,-0.0231
8_transparent_WO,WO7,1.0,0.9379,1.0051,14,-0.0621
8_transparent_WO,WO7,1.5,1.5324,1.6115,14,0.0324
8_transparent_WO,WO7,2.0,1.9862,2.0829,14,-0.0138
8_transparent_WO,WO7,2.5,2.439,2.5439,14,-0.061
8_transparent_WO,WO8,0.5,0.4655,0.5444,14,-0.0345
8_transparent_WO,WO8,0.55,0.5221,0.5961,14,-0.0279
8_transparent_WO,WO8,0.6,0.6166,0.6822,14,0.0166
8_transparent_WO,WO8,0.65,0.6401,0.7045,14,-0.0099
8_transparent_WO,WO8,0.7,0.6885,0.7486,14,-0.0115
8_transparent_WO,WO8,0.75,0.7222,0.7804,14,-0.0278
8_transparent_WO,WO8,0.8,0.7725,0.8294,14,-0.0275
8_transparent_WO,WO8,0.85,0.8166,0.8758,14,-0.0334
8_transparent_WO,WO8,0.9,0.8881,0.9523,14,-0.0119
8_transparent_WO,WO8,0.95,0.9062,0.9736,14,-0.0438
8_transparent_WO,WO8,1.0,0.9367,1.0086,14,-0.0633
8_transparent_WO,WO8,1.5,1.5327,1.6193,14,0.0327
8_transparent_WO,WO8,2.0,1.977,2.0809,14,-0.023
8_transparent_WO,WO8,2.5,2.4437,2.5561,14,-0.0563
8_transparent_WO,WO9,0.5,0.461,0.5336,14,-0.039
8_transparent_WO,WO9,0.55,0.5254,0.5917,14,-0.0246
8_transparent_WO,WO9,0.6,0.606,0.6668,14,0.006
8_transparent_WO,WO9,0.65,0.635,0.6937,14,-0.015
8_transparent_WO,WO9,0.7,0.6322,0.6893,14,-0.0678
8_transparent_WO,WO9,0.75,0.7136,0.7668,14,-0.0364
8_transparent_WO,WO9,0.8,0.7695,0.8224,14,-0.0305
8_transparent_WO,WO9,0.85,0.8009,0.8543,14,-0.0491
8_transparent_WO,WO9,0.9,0.8643,0.9191,14,-0.0357
8_transparent_WO,WO9,0.95,0.8976,0.9551,14,-0.0524
8_transparent_WO,WO9,1.0,0.9374,0.9972,14,-0.0626
8_transparent_WO,WO9,1.5,1.5329,1.6019,14,0.0329
8_transparent_WO,WO9,2.0,1.9859,2.0685,14,-0.0141
8_transparent_WO,WO9,2.5,2.4338,2.5259,14,-0.0662
3_opaque_FA,1784092076,0.5,0.4466,0.4986,14,-0.0534
3_opaque_FA,1784092076,0.55,0.566,0.6158,14,0.016
3_opaque_FA,1784092076,0.6,0.54,0.5901,14,-0.06
3_opaque_FA,1784092076,0.65,0.6552,0.6998,14,0.0052
3_opaque_FA,1784092076,0.7,0.6506,0.6959,14,-0.0494
3_opaque_FA,1784092076,0.75,0.7467,0.7872,14,-0.0033
3_opaque_FA,1784092076,0.8,0.8214,0.8641,14,0.0214
3_opaque_FA,1784092076,0.85,0.8817,0.9226,14,0.0317
3_opaque_FA,1784092076,0.9,1.0393,1.0798,14,0.1393
3_opaque_FA,1784092076,0.95,0.9743,1.0209,14,0.0243
3_opaque_FA,1784092076,1.0,1.0933,1.1407,14,0.0933
3_opaque_FA,1784092076,1.5,2.0588,2.1367,14,0.5588
3_opaque_FA,1784092076,2.0,1.966,2.0341,14,-0.034
3_opaque_FA,1784092076,2.5,2.4786,2.5933,14,-0.0214
3_opaque_FA,1784092086,0.5,0.4409,0.49,17,-0.0591
3_opaque_FA,1784092086,0.55,0.5583,0.6042,17,0.0083
3_opaque_FA,1784092086,0.6,0.5554,0.6013,17,-0.0446
3_opaque_FA,1784092086,0.65,0.6536,0.6986,17,0.0036
3_opaque_FA,1784092086,0.7,0.649,0.694,17,-0.051
3_opaque_FA,1784092086,0.75,0.7595,0.8047,17,0.0095
3_opaque_FA,1784092086,0.8,0.8209,0.8665,17,0.0209
3_opaque_FA,1784092086,0.85,0.874,0.9201,17,0.024
3_opaque_FA,1784092086,0.9,1.1988,1.2504,17,0.2988
3_opaque_FA,1784092086,0.95,0.9964,1.0442,17,0.0464
3_opaque_FA,1784092086,1.0,1.0416,1.0902,17,0.0416
3_opaque_FA,1784092086,1.5,2.1378,2.2136,17,0.6378
3_opaque_FA,1784092086,2.0,2.3001,2.3806,17,0.3001
3_opaque_FA,1784092086,2.5,2.5345,2.6219,17,0.0345
3_opaque_FA,1784092096,0.5,0.4558,0.5052,15,-0.0442
3_opaque_FA,1784092096,0.55,0.531,0.5784,15,-0.019
3_opaque_FA,1784092096,0.6,0.5394,0.5866,15,-0.0606
3_opaque_FA,1784092096,0.65,0.6501,0.6962,15,0.0001
3_opaque_FA,1784092096,0.7,0.659,0.705,15,-0.041
3_opaque_FA,1784092096,0.75,0.7511,0.7973,15,0.0011
3_opaque_FA,1784092096,0.8,0.8586,0.9058,15,0.0586
3_opaque_FA,1784092096,0.85,0.8761,0.9235,15,0.0261
3_opaque_FA,1784092096,0.9,0.961,1.0097,15,0.061
3_opaque_FA,1784092096,0.95,0.9789,1.0278,15,0.0289
3_opaque_FA,1784092096,1.0,1.0384,1.0883,15,0.0384
3_opaque_FA,1784092096,1.5,1.9994,2.0739,15,0.4994
3_opaque_FA,1784092096,2.0,2.2947,2.378,15,0.2947
3_opaque_FA,1784092096,2.5,2.5575,2.6487,15,0.0575
3_opaque_FA,1784092106,0.5,0.4513,0.5013,17,-0.0487
3_opaque_FA,1784092106,0.55,0.5514,0.5985,17,0.0014
3_opaque_FA,1784092106,0.6,0.5468,0.594,17,-0.0532
3_opaque_FA,1784092106,0.65,0.6562,0.7022,17,0.0062
3_opaque_FA,1784092106,0.7,0.3448,0.4011,17,-0.3552
3_opaque_FA,1784092106,0.75,0.7454,0.7913,17,-0.0046
3_opaque_FA,1784092106,0.8,1.1819,1.234,17,0.3819
3_opaque_FA,1784092106,0.85,0.8831,0.9301,17,0.0331
3_opaque_FA,1784092106,0.9,0.9863,1.0348,17,0.0863
3_opaque_FA,1784092106,0.95,0.9851,1.0336,17,0.0351
3_opaque_FA,1784092106,1.0,1.033,1.0822,17,0.033
3_opaque_FA,1784092106,1.5,2.0785,2.1535,17,0.5785
3_opaque_FA,1784092106,2.0,1.9858,2.0582,17,-0.0142
3_opaque_FA,1784092106,2.5,2.694,2.7871,17,0.194
3_opaque_FA,1784092116,0.5,0.4465,0.4977,16,-0.0535
3_opaque_FA,1784092116,0.55,0.526,0.5741,16,-0.024
3_opaque_FA,1784092116,0.6,0.5654,0.6125,16,-0.0346
3_opaque_FA,1784092116,0.65,0.6511,0.6969,16,0.0011
3_opaque_FA,1784092116,0.7,0.6596,0.7053,16,-0.0404
3_opaque_FA,1784092116,0.75,0.7558,0.8012,16,0.0058
3_opaque_FA,1784092116,0.8,1.0235,1.0708,16,0.2235
3_opaque_FA,1784092116,0.85,0.8833,0.9292,16,0.0333
3_opaque_FA,1784092116,0.9,0.9726,1.0194,16,0.0726
3_opaque_FA,1784092116,0.95,0.9737,1.0204,16,0.0237
3_opaque_FA,1784092116,1.0,1.0408,1.0884,16,0.0408
3_opaque_FA,1784092116,1.5,1.8098,1.8731,16,0.3098
3_opaque_FA,1784092116,2.0,2.2944,2.3699,16,0.2944
3_opaque_FA,1784092116,2.5,2.6616,2.7469,16,0.1616
3_opaque_FA,1784092126,0.5,0.4364,0.4885,16,-0.0636
3_opaque_FA,1784092126,0.55,0.5288,0.5781,16,-0.0212
3_opaque_FA,1784092126,0.6,0.5292,0.5785,16,-0.0708
3_opaque_FA,1784092126,0.65,0.6438,0.6917,16,-0.0062
3_opaque_FA,1784092126,0.7,0.6698,0.7177,16,-0.0302
3_opaque_FA,1784092126,0.75,0.761,0.8093,16,0.011
3_opaque_FA,1784092126,0.8,0.8352,0.8841,16,0.0352
3_opaque_FA,1784092126,0.85,0.881,0.9305,16,0.031
3_opaque_FA,1784092126,0.9,1.0034,1.0549,16,0.1034
3_opaque_FA,1784092126,0.95,0.9938,1.0452,16,0.0438
3_opaque_FA,1784092126,1.0,1.0552,1.1077,16,0.0552
3_opaque_FA,1784092126,1.5,1.6006,1.6668,16,0.1006
3_opaque_FA,1784092126,2.0,1.9989,2.0769,16,-0.0011
3_opaque_FA,1784092126,2.5,2.6651,2.7642,16,0.1651
3_opaque_FA,1784092135,0.5,0.4566,0.5045,15,-0.0434
3_opaque_FA,1784092135,0.55,0.5826,0.6279,15,0.0326
3_opaque_FA,1784092135,0.6,0.5604,0.6059,15,-0.0396
3_opaque_FA,1784092135,0.65,0.6612,0.7061,15,0.0112
3_opaque_FA,1784092135,0.7,0.6554,0.7003,15,-0.0446
3_opaque_FA,1784092135,0.75,0.766,0.8113,15,0.016
3_opaque_FA,1784092135,0.8,0.7892,0.8347,15,-0.0108
3_opaque_FA,1784092135,0.85,0.8773,0.9238,15,0.0273
3_opaque_FA,1784092135,0.9,1.1826,1.2347,15,0.2826
3_opaque_FA,1784092135,0.95,0.9895,1.0377,15,0.0395
3_opaque_FA,1784092135,1.0,1.0276,1.0765,15,0.0276
3_opaque_FA,1784092135,1.5,2.0193,2.0936,15,0.5193
3_opaque_FA,1784092135,2.0,1.9914,2.0649,15,-0.0086
3_opaque_FA,1784092135,2.5,2.546,2.6362,15,0.046
3_opaque_FA,1784092146,0.5,0.4435,0.4915,16,-0.0565
3_opaque_FA,1784092146,0.55,0.5398,0.5843,16,-0.0102
3_opaque_FA,1784092146,0.6,0.5531,0.5972,16,-0.0469
3_opaque_FA,1784092146,0.65,0.6475,0.6901,16,-0.0025
3_opaque_FA,1784092146,0.7,0.6382,0.681,16,-0.0618
3_opaque_FA,1784092146,0.75,0.752,0.7941,16,0.002
3_opaque_FA,1784092146,0.8,1.0228,1.0666,16,0.2228
3_opaque_FA,1784092146,0.85,0.8852,0.9276,16,0.0352
3_opaque_FA,1784092146,0.9,0.9445,0.9875,16,0.0445
3_opaque_FA,1784092146,0.95,1.0069,1.0505,16,0.0569
3_opaque_FA,1784092146,1.0,1.0382,1.0822,16,0.0382
3_opaque_FA,1784092146,1.5,1.999,2.0614,16,0.499
3_opaque_FA,1784092146,2.0,2.024,2.0869,16,0.024
3_opaque_FA,1784092146,2.5,2.7216,2.8014,16,0.2216
3_opaque_FA,1784092155,0.5,0.4423,0.4978,16,-0.0577
3_opaque_FA,1784092155,0.55,0.5273,0.5797,16,-0.0227
3_opaque_FA,1784092155,0.6,0.5299,0.5822,16,-0.0701
3_opaque_FA,1784092155,0.65,0.6489,0.6994,16,-0.0011
3_opaque_FA,1784092155,0.7,0.6476,0.6981,16,-0.0524
3_opaque_FA,1784092155,0.75,0.7504,0.8007,16,0.0004
3_opaque_FA,1784092155,0.8,0.8212,0.8719,16,0.0212
3_opaque_FA,1784092155,0.85,0.8804,0.9316,16,0.0304
3_opaque_FA,1784092155,0.9,0.9749,1.0275,16,0.0749
3_opaque_FA,1784092155,0.95,1.0182,1.0715,16,0.0682
3_opaque_FA,1784092155,1.0,1.0413,1.095,16,0.0413
3_opaque_FA,1784092155,1.5,1.9043,1.9797,16,0.4043
3_opaque_FA,1784092155,2.0,1.9958,2.0739,16,-0.0042
3_opaque_FA,1784092155,2.5,2.5353,2.6301,16,0.0353
3_opaque_FA,1784092168,0.5,0.4418,0.4939,18,-0.0582
3_opaque_FA,1784092168,0.55,0.5161,0.5665,18,-0.0339
3_opaque_FA,1784092168,0.6,0.5462,0.5961,18,-0.0538
3_opaque_FA,1784092168,0.65,0.6487,0.6984,18,-0.0013
3_opaque_FA,1784092168,0.7,0.6581,0.7077,18,-0.0419
3_opaque_FA,1784092168,0.75,0.7472,0.7976,18,-0.0028
3_opaque_FA,1784092168,0.8,0.7755,0.8263,18,-0.0245
3_opaque_FA,1784092168,0.85,0.8864,0.939,18,0.0364
3_opaque_FA,1784092168,0.9,0.9951,1.0501,18,0.0951
3_opaque_FA,1784092168,0.95,0.9962,1.0512,18,0.0462
3_opaque_FA,1784092168,1.0,1.0308,1.0867,18,0.0308
3_opaque_FA,1784092168,1.5,1.5638,1.6355,18,0.0638
3_opaque_FA,1784092168,2.0,2.0086,2.0956,18,0.0086
3_opaque_FA,1784092168,2.5,2.5647,2.6718,18,0.0647
7_transparent_FA,FA1,0.5,0.4769,0.534,15,-0.0231
7_transparent_FA,FA1,0.55,0.54,0.5917,15,-0.01
7_transparent_FA,FA1,0.6,0.6204,0.6667,15,0.0204
7_transparent_FA,FA1,0.65,0.7086,0.7503,15,0.0586
7_transparent_FA,FA1,0.7,0.6698,0.7133,15,-0.0302
7_transparent_FA,FA1,0.75,0.813,0.8506,15,0.063
7_transparent_FA,FA1,0.8,0.792,0.8304,15,-0.008
7_transparent_FA,FA1,0.85,0.8909,0.9262,15,0.0409
7_transparent_FA,FA1,0.9,0.9008,0.9358,15,0.0008
7_transparent_FA,FA1,0.95,1.0633,1.0947,15,0.1133
7_transparent_FA,FA1,1.0,1.0319,1.0639,15,0.0319
7_transparent_FA,FA1,1.5,1.5749,1.601,15,0.0749
7_transparent_FA,FA1,2.0,2.1484,2.173,15,0.1484
7_transparent_FA,FA1,2.5,2.5866,2.6115,15,0.0866
7_transparent_FA,FA10,0.5,0.5214,0.5583,14,0.0214
7_transparent_FA,FA10,0.55,0.5516,0.5894,14,0.0016
7_transparent_FA,FA10,0.6,0.6518,0.6844,14,0.0518
7_transparent_FA,FA10,0.65,0.6969,0.728,14,0.0469
7_transparent_FA,FA10,0.7,0.6658,0.6979,14,-0.0342
7_transparent_FA,FA10,0.75,0.8103,0.835,14,0.0603
7_transparent_FA,FA10,0.8,0.8009,0.8296,14,0.0009
7_transparent_FA,FA10,0.85,0.8917,0.9156,14,0.0417
7_transparent_FA,FA10,0.9,0.983,1.0119,14,0.083
7_transparent_FA,FA10,0.95,1.0914,1.1244,14,0.1414
7_transparent_FA,FA10,1.0,1.2506,1.2916,14,0.2506
7_transparent_FA,FA10,1.5,1.5716,1.6227,14,0.0716
7_transparent_FA,FA10,2.0,2.1037,2.1658,14,0.1037
7_transparent_FA,FA10,2.5,2.5288,2.6224,14,0.0288
7_transparent_FA,FA2,0.5,0.5061,0.5558,15,0.0061
7_transparent_FA,FA2,0.55,0.5832,0.6279,15,0.0332
7_transparent_FA,FA2,0.6,0.65,0.6915,15,0.05
7_transparent_FA,FA2,0.65,0.7281,0.7666,15,0.0781
7_transparent_FA,FA2,0.7,0.6913,0.7311,15,-0.0087
7_transparent_FA,FA2,0.75,0.848,0.8832,15,0.098
7_transparent_FA,FA2,0.8,0.7996,0.836,15,-0.0004
7_transparent_FA,FA2,0.85,0.8893,0.9236,15,0.0393
7_transparent_FA,FA2,0.9,0.9456,0.9789,15,0.0456
7_transparent_FA,FA2,0.95,1.0741,1.1057,15,0.1241
7_transparent_FA,FA2,1.0,1.128,1.159,15,0.128
7_transparent_FA,FA2,1.5,1.601,1.6301,15,0.101
7_transparent_FA,FA2,2.0,2.1425,2.1727,15,0.1425
7_transparent_FA,FA2,2.5,2.5728,2.6049,15,0.0728
7_transparent_FA,FA3,0.5,0.4803,0.5291,15,-0.0197
7_transparent_FA,FA3,0.55,0.5631,0.607,15,0.0131
7_transparent_FA,FA3,0.6,0.6018,0.6439,15,0.0018
7_transparent_FA,FA3,0.65,0.7161,0.7542,15,0.0661
7_transparent_FA,FA3,0.7,0.6821,0.7212,15,-0.0179
7_transparent_FA,FA3,0.75,0.7892,0.8256,15,0.0392
7_transparent_FA,FA3,0.8,0.7954,0.8317,15,-0.0046
7_transparent_FA,FA3,0.85,0.8758,0.9107,15,0.0258
7_transparent_FA,FA3,0.9,1.185,1.2174,15,0.285
7_transparent_FA,FA3,0.95,1.0653,1.0982,15,0.1153
7_transparent_FA,FA3,1.0,1.0899,1.1227,15,0.0899
7_transparent_FA,FA3,1.5,1.5853,1.618,15,0.0853
7_transparent_FA,FA3,2.0,2.149,2.185,15,0.149
7_transparent_FA,FA3,2.5,2.5388,2.5779,15,0.0388
7_transparent_FA,FA4,0.5,0.4923,0.5383,14,-0.0077
7_transparent_FA,FA4,0.55,0.5458,0.5907,14,-0.0042
7_transparent_FA,FA4,0.6,0.6083,0.6502,14,0.0083
7_transparent_FA,FA4,0.65,0.6862,0.7264,14,0.0362
7_transparent_FA,FA4,0.7,0.6677,0.708,14,-0.0323
7_transparent_FA,FA4,0.75,0.7569,0.7942,14,0.0069
7_transparent_FA,FA4,0.8,0.7934,0.833,14,-0.0066
7_transparent_FA,FA4,0.85,0.8825,0.9182,14,0.0325
7_transparent_FA,FA4,0.9,0.9158,0.9559,14,0.0158
7_transparent_FA,FA4,0.95,1.0617,1.1054,14,0.1117
7_transparent_FA,FA4,1.0,1.0342,1.0836,14,0.0342
7_transparent_FA,FA4,1.5,1.5947,1.6588,14,0.0947
7_transparent_FA,FA4,2.0,2.0812,2.1633,14,0.0812
7_transparent_FA,FA4,2.5,2.5302,2.6523,14,0.0302
7_transparent_FA,FA5,0.5,0.4907,0.5321,16,-0.0093
7_transparent_FA,FA5,0.55,0.5552,0.5936,16,0.0052
7_transparent_FA,FA5,0.6,0.6247,0.6608,16,0.0247
7_transparent_FA,FA5,0.65,0.733,0.7665,16,0.083
7_transparent_FA,FA5,0.7,0.6904,0.7248,16,-0.0096
7_transparent_FA,FA5,0.75,0.8453,0.8773,16,0.0953
7_transparent_FA,FA5,0.8,0.7948,0.8274,16,-0.0052
7_transparent_FA,FA5,0.85,0.8773,0.909,16,0.0273
7_transparent_FA,FA5,0.9,1.1769,1.2075,16,0.2769
7_transparent_FA,FA5,0.95,1.064,1.0947,16,0.114
7_transparent_FA,FA5,1.0,1.2284,1.2591,16,0.2284
7_transparent_FA,FA5,1.5,1.5763,1.6085,16,0.0763
7_transparent_FA,FA5,2.0,2.1958,2.2332,16,0.1958
7_transparent_FA,FA5,2.5,2.5521,2.5931,16,0.0521
7_transparent_FA,FA6,0.5,0.4738,0.5263,15,-0.0262
7_transparent_FA,FA6,0.55,0.5367,0.5852,15,-0.0133
7_transparent_FA,FA6,0.6,0.5908,0.6365,15,-0.0092
7_transparent_FA,FA6,0.65,0.7262,0.7672,15,0.0762
7_transparent_FA,FA6,0.7,0.6641,0.7071,15,-0.0359
7_transparent_FA,FA6,0.75,0.7581,0.7984,15,0.0081
7_transparent_FA,FA6,0.8,0.7869,0.8265,15,-0.0131
7_transparent_FA,FA6,0.85,0.8833,0.9214,15,0.0333
7_transparent_FA,FA6,0.9,1.1073,1.1436,15,0.2073
7_transparent_FA,FA6,0.95,1.0663,1.1028,15,0.1163
7_transparent_FA,FA6,1.0,1.2084,1.2445,15,0.2084
7_transparent_FA,FA6,1.5,1.5849,1.622,15,0.0849
7_transparent_FA,FA6,2.0,2.1252,2.1665,15,0.1252
7_transparent_FA,FA6,2.5,2.5683,2.6142,15,0.0683
7_transparent_FA,FA7,0.5,0.4942,0.5369,15,-0.0058
7_transparent_FA,FA7,0.55,0.5493,0.588,15,-0.0007
7_transparent_FA,FA7,0.6,0.6306,0.6645,15,0.0306
7_transparent_FA,FA7,0.65,0.6896,0.7208,15,0.0396
7_transparent_FA,FA7,0.7,0.672,0.704,15,-0.028
7_transparent_FA,FA7,0.75,0.7868,0.8143,15,0.0368
7_transparent_FA,FA7,0.8,0.8073,0.8342,15,0.0073
7_transparent_FA,FA7,0.85,0.9035,0.9277,15,0.0535
7_transparent_FA,FA7,0.9,1.1016,1.1215,15,0.2016
7_transparent_FA,FA7,0.95,1.0862,1.1064,15,0.1362
7_transparent_FA,FA7,1.0,1.112,1.1317,15,0.112
7_transparent_FA,FA7,1.5,1.6492,1.6628,15,0.1492
7_transparent_FA,FA7,2.0,2.2298,2.24,15,0.2298
7_transparent_FA,FA7,2.5,2.6461,2.6548,15,0.1461
7_transparent_FA,FA8,0.5,0.5014,0.5367,17,0.0014
7_transparent_FA,FA8,0.55,0.5448,0.5782,17,-0.0052
7_transparent_FA,FA8,0.6,0.6026,0.634,17,0.0026
7_transparent_FA,FA8,0.65,0.7495,0.7774,17,0.0995
7_transparent_FA,FA8,0.7,0.686,0.7151,17,-0.014
7_transparent_FA,FA8,0.75,0.8437,0.8702,17,0.0937
7_transparent_FA,FA8,0.8,0.7946,0.8217,17,-0.0054
7_transparent_FA,FA8,0.85,0.8843,0.9104,17,0.0343
7_transparent_FA,FA8,0.9,1.0015,1.0266,17,0.1015
7_transparent_FA,FA8,0.95,1.0595,1.0844,17,0.1095
7_transparent_FA,FA8,1.0,1.1871,1.2116,17,0.1871
7_transparent_FA,FA8,1.5,1.5956,1.6206,17,0.0956
7_transparent_FA,FA8,2.0,2.2718,2.3003,17,0.2718
7_transparent_FA,FA8,2.5,2.6376,2.6686,17,0.1376
7_transparent_FA,FA9,0.5,0.4543,0.502,14,-0.0457
7_transparent_FA,FA9,0.55,0.5412,0.5825,14,-0.0088
7_transparent_FA,FA9,0.6,0.6007,0.6372,14,0.0007
7_transparent_FA,FA9,0.65,0.6607,0.6937,14,0.0107
7_transparent_FA,FA9,0.7,0.6669,0.6986,14,-0.0331
7_transparent_FA,FA9,0.75,0.7643,0.7901,14,0.0143
7_transparent_FA,FA9,0.8,0.7958,0.823,14,-0.0042
7_transparent_FA,FA9,0.85,0.8947,0.9164,14,0.0447
7_transparent_FA,FA9,0.9,0.9068,0.9336,14,0.0068
7_transparent_FA,FA9,0.95,1.0659,1.0933,14,0.1159
7_transparent_FA,FA9,1.0,1.0597,1.0929,14,0.0597
7_transparent_FA,FA9,1.5,1.5888,1.6255,14,0.0888
7_transparent_FA,FA9,2.0,2.0998,2.1449,14,0.0998
7_transparent_FA,FA9,2.5,2.5411,2.6158,14,0.0411
2_opaque_WW,1784092680,0.5,0.6947,0.7382,21,0.1947
2_opaque_WW,1784092680,0.55,0.4468,0.4952,21,-0.1032
2_opaque_WW,1784092680,0.6,0.8448,0.8886,21,0.2448
2_opaque_WW,1784092680,0.65,0.5422,0.5875,21,-0.1078
2_opaque_WW,1784092680,0.7,0.342,0.3971,21,-0.358
2_opaque_WW,1784092680,0.75,0.4803,0.5274,21,-0.2697
2_opaque_WW,1784092680,0.8,0.6238,0.6678,21,-0.1762
2_opaque_WW,1784092680,0.85,0.8656,0.9097,21,0.0156
2_opaque_WW,1784092680,0.9,0.9029,0.9472,21,0.0029
2_opaque_WW,1784092680,0.95,0.9653,1.0103,21,0.0153
2_opaque_WW,1784092680,1.0,1.0419,1.088,21,0.0419
2_opaque_WW,1784092680,1.5,1.6284,1.6859,21,0.1284
2_opaque_WW,1784092680,2.0,2.0971,2.166,21,0.0971
2_opaque_WW,1784092680,2.5,2.5952,2.6772,21,0.0952
2_opaque_WW,1784092691,0.5,0.4677,0.5107,21,-0.0323
2_opaque_WW,1784092691,0.55,0.5162,0.5577,21,-0.0338
2_opaque_WW,1784092691,0.6,0.5607,0.6012,21,-0.0393
2_opaque_WW,1784092691,0.65,0.4391,0.4833,21,-0.2109
2_opaque_WW,1784092691,0.7,0.3345,0.3854,21,-0.3655
2_opaque_WW,1784092691,0.75,0.4558,0.4994,21,-0.2942
2_opaque_WW,1784092691,0.8,0.6814,0.7204,21,-0.1186
2_opaque_WW,1784092691,0.85,0.8676,0.9067,21,0.0176
2_opaque_WW,1784092691,0.9,0.9065,0.9459,21,0.0065
2_opaque_WW,1784092691,0.95,0.9744,1.0143,21,0.0244
2_opaque_WW,1784092691,1.0,1.0227,1.0631,21,0.0227
2_opaque_WW,1784092691,1.5,1.6262,1.6766,21,0.1262
2_opaque_WW,1784092691,2.0,2.0901,2.1501,21,0.0901
2_opaque_WW,1784092691,2.5,2.5458,2.616,21,0.0458
2_opaque_WW,1784092701,0.5,0.4672,0.5079,21,-0.0328
2_opaque_WW,1784092701,0.55,0.8103,0.8476,21,0.2603
2_opaque_WW,1784092701,0.6,0.639,0.6765,21,0.039
2_opaque_WW,1784092701,0.65,0.4217,0.4643,21,-0.2283
2_opaque_WW,1784092701,0.7,0.3871,0.4314,21,-0.3129
2_opaque_WW,1784092701,0.75,0.5624,0.6008,21,-0.1876
2_opaque_WW,1784092701,0.8,0.3385,0.3861,21,-0.4615
2_opaque_WW,1784092701,0.85,0.8653,0.9029,21,0.0153
2_opaque_WW,1784092701,0.9,0.9093,0.9472,21,0.0093
2_opaque_WW,1784092701,0.95,0.9724,1.0109,21,0.0224
2_opaque_WW,1784092701,1.0,1.0196,1.0586,21,0.0196
2_opaque_WW,1784092701,1.5,1.5832,1.6314,21,0.0832
2_opaque_WW,1784092701,2.0,2.0764,2.1347,21,0.0764
2_opaque_WW,1784092701,2.5,2.554,2.6229,21,0.054
2_opaque_WW,1784092714,0.5,0.4559,0.5034,21,-0.0441
2_opaque_WW,1784092714,0.55,0.5085,0.5544,21,-0.0415
2_opaque_WW,1784092714,0.6,0.5797,0.6244,21,-0.0203
2_opaque_WW,1784092714,0.65,0.6304,0.6746,21,-0.0196
2_opaque_WW,1784092714,0.7,0.6778,0.7219,21,-0.0222
2_opaque_WW,1784092714,0.75,0.5447,0.5899,21,-0.2053
2_opaque_WW,1784092714,0.8,0.7011,0.7452,21,-0.0989
2_opaque_WW,1784092714,0.85,0.8629,0.9081,21,0.0129
2_opaque_WW,1784092714,0.9,0.905,0.9507,21,0.005
2_opaque_WW,1784092714,0.95,0.9665,1.0131,21,0.0165
2_opaque_WW,1784092714,1.0,1.0232,1.0707,21,0.0232
2_opaque_WW,1784092714,1.5,1.598,1.6584,21,0.098
2_opaque_WW,1784092714,2.0,2.081,2.1545,21,0.081
2_opaque_WW,1784092714,2.5,2.535,2.6214,21,0.035
2_opaque_WW,1784092727,0.5,0.477,0.525,20,-0.023
2_opaque_WW,1784092727,0.55,0.6705,0.712,20,0.1205
2_opaque_WW,1784092727,0.6,0.6681,0.7096,20,0.0681
2_opaque_WW,1784092727,0.65,0.6227,0.6653,20,-0.0273
2_opaque_WW,1784092727,0.7,0.6673,0.7088,20,-0.0327
2_opaque_WW,1784092727,0.75,0.467,0.5155,20,-0.283
2_opaque_WW,1784092727,0.8,0.6347,0.6769,20,-0.1653
2_opaque_WW,1784092727,0.85,0.8568,0.8963,20,0.0068
2_opaque_WW,1784092727,0.9,0.9032,0.9425,20,0.0032
2_opaque_WW,1784092727,0.95,0.9613,1.0005,20,0.0113
2_opaque_WW,1784092727,1.0,1.026,1.0654,20,0.026
2_opaque_WW,1784092727,1.5,1.6403,1.6855,20,0.1403
2_opaque_WW,1784092727,2.0,2.0849,2.1368,20,0.0849
2_opaque_WW,1784092727,2.5,2.4091,2.4665,20,-0.0909
2_opaque_WW,1784092738,0.5,0.4669,0.5087,21,-0.0331
2_opaque_WW,1784092738,0.55,0.5139,0.5543,21,-0.0361
2_opaque_WW,1784092738,0.6,0.8737,0.9123,21,0.2737
2_opaque_WW,1784092738,0.65,0.4181,0.462,21,-0.2319
2_opaque_WW,1784092738,0.7,0.3176,0.3682,21,-0.3824
2_opaque_WW,1784092738,0.75,0.3781,0.4242,21,-0.3719
2_opaque_WW,1784092738,0.8,0.6656,0.704,21,-0.1344
2_opaque_WW,1784092738,0.85,0.8626,0.9012,21,0.0126
2_opaque_WW,1784092738,0.9,0.9072,0.9462,21,0.0072
2_opaque_WW,1784092738,0.95,0.9572,0.9966,21,0.0072
2_opaque_WW,1784092738,1.0,1.0243,1.0644,21,0.0243
2_opaque_WW,1784092738,1.5,1.6046,1.6546,21,0.1046
2_opaque_WW,1784092738,2.0,2.065,2.1248,21,0.065
2_opaque_WW,1784092738,2.5,2.5463,2.6171,21,0.0463
2_opaque_WW,1784092750,0.5,0.7501,0.7932,20,0.2501
2_opaque_WW,1784092750,0.55,0.5489,0.5966,20,-0.0011
2_opaque_WW,1784092750,0.6,0.9243,0.9665,20,0.3243
2_opaque_WW,1784092750,0.65,0.6203,0.6657,20,-0.0297
2_opaque_WW,1784092750,0.7,0.6596,0.7041,20,-0.0404
2_opaque_WW,1784092750,0.75,0.518,0.567,20,-0.232
2_opaque_WW,1784092750,0.8,0.6262,0.6715,20,-0.1738
2_opaque_WW,1784092750,0.85,0.8625,0.9048,20,0.0125
2_opaque_WW,1784092750,0.9,0.9029,0.9451,20,0.0029
2_opaque_WW,1784092750,0.95,0.98,1.0222,20,0.03
2_opaque_WW,1784092750,1.0,1.0487,1.0911,20,0.0487
2_opaque_WW,1784092750,1.5,1.6704,1.7198,20,0.1704
2_opaque_WW,1784092750,2.0,2.1234,2.1805,20,0.1234
2_opaque_WW,1784092750,2.5,2.5278,2.5925,20,0.0278
2_opaque_WW,1784092763,0.5,0.7181,0.7603,21,0.2181
2_opaque_WW,1784092763,0.55,0.6448,0.6876,21,0.0948
2_opaque_WW,1784092763,0.6,0.9969,1.0402,21,0.3969
2_opaque_WW,1784092763,0.65,0.4123,0.4624,21,-0.2377
2_opaque_WW,1784092763,0.7,0.3857,0.4375,21,-0.3143
2_opaque_WW,1784092763,0.75,0.4302,0.4792,21,-0.3198
2_opaque_WW,1784092763,0.8,0.575,0.6189,21,-0.225
2_opaque_WW,1784092763,0.85,0.8585,0.9007,21,0.0085
2_opaque_WW,1784092763,0.9,0.9096,0.9521,21,0.0096
2_opaque_WW,1784092763,0.95,0.9766,1.0197,21,0.0266
2_opaque_WW,1784092763,1.0,1.0337,1.0774,21,0.0337
2_opaque_WW,1784092763,1.5,1.6727,1.7272,21,0.1727
2_opaque_WW,1784092763,2.0,2.0884,2.1521,21,0.0884
2_opaque_WW,1784092763,2.5,2.5532,2.6278,21,0.0532
2_opaque_WW,1784092788,0.5,0.4657,0.508,21,-0.0343
2_opaque_WW,1784092788,0.55,0.5177,0.5582,21,-0.0323
2_opaque_WW,1784092788,0.6,0.7261,0.7633,21,0.1261
2_opaque_WW,1784092788,0.65,0.2981,0.3524,21,-0.3519
2_opaque_WW,1784092788,0.7,0.4421,0.4854,21,-0.2579
2_opaque_WW,1784092788,0.75,0.4721,0.5141,21,-0.2779
2_opaque_WW,1784092788,0.8,0.6293,0.6674,21,-0.1707
2_opaque_WW,1784092788,0.85,0.8668,0.9039,21,0.0168
2_opaque_WW,1784092788,0.9,0.9127,0.9499,21,0.0127
2_opaque_WW,1784092788,0.95,0.973,1.0105,21,0.023
2_opaque_WW,1784092788,1.0,1.0305,1.0685,21,0.0305
2_opaque_WW,1784092788,1.5,1.6266,1.6727,21,0.1266
2_opaque_WW,1784092788,2.0,2.0981,2.1527,21,0.0981
2_opaque_WW,1784092788,2.5,2.5554,2.6191,21,0.0554
2_opaque_WW,1784092801,0.5,0.6708,0.7129,21,0.1708
2_opaque_WW,1784092801,0.55,0.7614,0.8023,21,0.2114
2_opaque_WW,1784092801,0.6,0.7601,0.8011,21,0.1601
2_opaque_WW,1784092801,0.65,0.3611,0.4175,21,-0.2889
2_opaque_WW,1784092801,0.7,0.3747,0.4299,21,-0.3253
2_opaque_WW,1784092801,0.75,0.6127,0.656,21,-0.1373
2_opaque_WW,1784092801,0.8,-0.0401,0.2206,21,-0.8401
2_opaque_WW,1784092801,0.85,0.8594,0.8999,21,0.0094
2_opaque_WW,1784092801,0.9,0.9058,0.9462,21,0.0058
2_opaque_WW,1784092801,0.95,0.9722,1.0127,21,0.0222
2_opaque_WW,1784092801,1.0,1.0338,1.0745,21,0.0338
2_opaque_WW,1784092801,1.5,1.6541,1.7019,21,0.1541
2_opaque_WW,1784092801,2.0,2.0814,2.1364,21,0.0814
2_opaque_WW,1784092801,2.5,2.5345,2.5979,21,0.0345
6_transparent_WW,WW1,0.5,0.4812,0.5467,14,-0.0188
6_transparent_WW,WW1,0.55,0.5185,0.5801,14,-0.0315
6_transparent_WW,WW1,0.6,0.6067,0.6603,14,0.0067
6_transparent_WW,WW1,0.65,0.6362,0.6876,14,-0.0138
6_transparent_WW,WW1,0.7,0.6873,0.7342,14,-0.0127
6_transparent_WW,WW1,0.75,0.7282,0.7734,14,-0.0218
6_transparent_WW,WW1,0.8,0.8294,0.8709,14,0.0294
6_transparent_WW,WW1,0.85,0.877,0.9182,14,0.027
6_transparent_WW,WW1,0.9,0.9142,0.9582,14,0.0142
6_transparent_WW,WW1,0.95,0.9577,1.0064,14,0.0077
6_transparent_WW,WW1,1.0,1.074,1.1322,14,0.074
6_transparent_WW,WW1,1.5,1.7224,1.7952,14,0.2224
6_transparent_WW,WW1,2.0,2.0104,2.103,14,0.0104
6_transparent_WW,WW1,2.5,2.3881,2.5121,14,-0.1119
6_transparent_WW,WW10,0.5,0.5936,0.4802,14,0.0936
6_transparent_WW,WW10,0.55,0.4467,0.5238,14,-0.1033
6_transparent_WW,WW10,0.6,0.567,0.6167,14,-0.033
6_transparent_WW,WW10,0.65,0.6028,0.6454,14,-0.0472
6_transparent_WW,WW10,0.7,0.6552,0.6866,14,-0.0448
6_transparent_WW,WW10,0.75,0.703,0.7256,14,-0.047
6_transparent_WW,WW10,0.8,0.8123,0.8181,14,0.0123
6_transparent_WW,WW10,0.85,0.9636,0.949,14,0.1136
6_transparent_WW,WW10,0.9,0.9542,0.9432,14,0.0542
6_transparent_WW,WW10,0.95,0.9827,0.9714,14,0.0327
6_transparent_WW,WW10,1.0,1.2176,1.1904,14,0.2176
6_transparent_WW,WW10,1.5,1.8011,1.7327,14,0.3011
6_transparent_WW,WW10,2.0,2.2631,2.1736,14,0.2631
6_transparent_WW,WW10,2.5,2.4253,2.3389,14,-0.0747
6_transparent_WW,WW2,0.5,0.4745,0.5565,14,-0.0255
6_transparent_WW,WW2,0.55,0.5189,0.5975,14,-0.0311
6_transparent_WW,WW2,0.6,0.6179,0.6901,14,0.0179
6_transparent_WW,WW2,0.65,0.6406,0.7109,14,-0.0094
6_transparent_WW,WW2,0.7,0.6891,0.7552,14,-0.0109
6_transparent_WW,WW2,0.75,0.7394,0.8027,14,-0.0106
6_transparent_WW,WW2,0.8,0.8416,0.9026,14,0.0416
6_transparent_WW,WW2,0.85,0.9207,0.9803,14,0.0707
6_transparent_WW,WW2,0.9,1.017,1.0798,14,0.117
6_transparent_WW,WW2,0.95,1.0703,1.1388,14,0.1203
6_transparent_WW,WW2,1.0,1.1551,1.2346,14,0.1551
6_transparent_WW,WW2,1.5,1.7658,1.8706,14,0.2658
6_transparent_WW,WW2,2.0,2.0249,2.1502,14,0.0249
6_transparent_WW,WW2,2.5,2.3715,2.5298,14,-0.1285
6_transparent_WW,WW3,0.5,0.4229,0.5267,14,-0.0771
6_transparent_WW,WW3,0.55,0.4847,0.5805,14,-0.0653
6_transparent_WW,WW3,0.6,0.5824,0.6681,14,-0.0176
6_transparent_WW,WW3,0.65,0.6231,0.7053,14,-0.0269
6_transparent_WW,WW3,0.7,0.6635,0.7411,14,-0.0365
6_transparent_WW,WW3,0.75,0.7086,0.7828,14,-0.0414
6_transparent_WW,WW3,0.8,0.8193,0.8877,14,0.0193
6_transparent_WW,WW3,0.85,0.8974,0.963,14,0.0474
6_transparent_WW,WW3,0.9,0.913,0.9806,14,0.013
6_transparent_WW,WW3,0.95,0.9574,1.0279,14,0.0074
6_transparent_WW,WW3,1.0,1.163,1.2419,14,0.163
6_transparent_WW,WW3,1.5,1.7655,1.8608,14,0.2655
6_transparent_WW,WW3,2.0,2.2106,2.3301,14,0.2106
6_transparent_WW,WW3,2.5,2.3742,2.5149,14,-0.1258
6_transparent_WW,WW4,0.5,0.4247,0.5258,14,-0.0753
6_transparent_WW,WW4,0.55,0.4964,0.5885,14,-0.0536
6_transparent_WW,WW4,0.6,0.5994,0.6807,14,-0.0006
6_transparent_WW,WW4,0.65,0.6192,0.6984,14,-0.0308
6_transparent_WW,WW4,0.7,0.6679,0.7416,14,-0.0321
6_transparent_WW,WW4,0.75,0.7164,0.7855,14,-0.0336
6_transparent_WW,WW4,0.8,0.8361,0.8991,14,0.0361
6_transparent_WW,WW4,0.85,0.9707,1.0289,14,0.1207
6_transparent_WW,WW4,0.9,0.9945,1.0551,14,0.0945
6_transparent_WW,WW4,0.95,1.006,1.0701,14,0.056
6_transparent_WW,WW4,1.0,1.1714,1.2437,14,0.1714
6_transparent_WW,WW4,1.5,1.77,1.8565,14,0.27
6_transparent_WW,WW4,2.0,2.1861,2.2918,14,0.1861
6_transparent_WW,WW4,2.5,2.3765,2.5031,14,-0.1235
6_transparent_WW,WW5,0.5,0.5413,0.5227,14,0.0413
6_transparent_WW,WW5,0.55,0.487,0.5918,14,-0.063
6_transparent_WW,WW5,0.6,0.5995,0.6905,14,-0.0005
6_transparent_WW,WW5,0.65,0.6219,0.7105,14,-0.0281
6_transparent_WW,WW5,0.7,0.6918,0.7722,14,-0.0082
6_transparent_WW,WW5,0.75,0.7429,0.8186,14,-0.0071
6_transparent_WW,WW5,0.8,0.8921,0.959,14,0.0921
6_transparent_WW,WW5,0.85,1.0051,1.0676,14,0.1551
6_transparent_WW,WW5,0.9,1.0497,1.1132,14,0.1497
6_transparent_WW,WW5,0.95,1.1333,1.1997,14,0.1833
6_transparent_WW,WW5,1.0,1.2035,1.2791,14,0.2035
6_transparent_WW,WW5,1.5,1.8004,1.8854,14,0.3004
6_transparent_WW,WW5,2.0,2.2558,2.3616,14,0.2558
6_transparent_WW,WW5,2.5,2.4006,2.5238,14,-0.0994
6_transparent_WW,WW6,0.5,0.5404,0.5167,14,0.0404
6_transparent_WW,WW6,0.55,0.6173,0.5705,14,0.0673
6_transparent_WW,WW6,0.6,0.5631,0.6666,14,-0.0369
6_transparent_WW,WW6,0.65,0.5958,0.6947,14,-0.0542
6_transparent_WW,WW6,0.7,0.6431,0.7339,14,-0.0569
6_transparent_WW,WW6,0.75,0.6902,0.7744,14,-0.0598
6_transparent_WW,WW6,0.8,0.8144,0.887,14,0.0144
6_transparent_WW,WW6,0.85,0.9893,1.0511,14,0.1393
6_transparent_WW,WW6,0.9,1.0158,1.0783,14,0.1158
6_transparent_WW,WW6,0.95,1.1293,1.1907,14,0.1793
6_transparent_WW,WW6,1.0,1.1909,1.2582,14,0.1909
6_transparent_WW,WW6,1.5,1.7997,1.8667,14,0.2997
6_transparent_WW,WW6,2.0,2.2561,2.3362,14,0.2561
6_transparent_WW,WW6,2.5,2.3684,2.4582,14,-0.1316
6_transparent_WW,WW7,0.5,0.5691,0.5288,14,0.0691
6_transparent_WW,WW7,0.55,0.6272,0.576,14,0.0772
6_transparent_WW,WW7,0.6,0.5645,0.6638,14,-0.0355
6_transparent_WW,WW7,0.65,0.6023,0.6961,14,-0.0477
6_transparent_WW,WW7,0.7,0.6591,0.744,14,-0.0409
6_transparent_WW,WW7,0.75,0.7075,0.7864,14,-0.0425
6_transparent_WW,WW7,0.8,0.8995,0.9636,14,0.0995
6_transparent_WW,WW7,0.85,0.9206,0.9824,14,0.0706
6_transparent_WW,WW7,0.9,1.0563,1.1138,14,0.1563
6_transparent_WW,WW7,0.95,1.1364,1.1944,14,0.1864
6_transparent_WW,WW7,1.0,1.2181,1.2829,14,0.2181
6_transparent_WW,WW7,1.5,1.8075,1.8728,14,0.3075
6_transparent_WW,WW7,2.0,2.2559,2.3341,14,0.2559
6_transparent_WW,WW7,2.5,2.3784,2.4742,14,-0.1216
6_transparent_WW,WW8,0.5,0.5355,0.508,14,0.0355
6_transparent_WW,WW8,0.55,0.6119,0.5621,14,0.0619
6_transparent_WW,WW8,0.6,0.565,0.6612,14,-0.035
6_transparent_WW,WW8,0.65,0.5965,0.6886,14,-0.0535
6_transparent_WW,WW8,0.7,0.6536,0.7376,14,-0.0464
6_transparent_WW,WW8,0.75,0.6878,0.7676,14,-0.0622
6_transparent_WW,WW8,0.8,0.8012,0.8719,14,0.0012
6_transparent_WW,WW8,0.85,0.9523,1.0144,14,0.1023
6_transparent_WW,WW8,0.9,1.0056,1.0677,14,0.1056
6_transparent_WW,WW8,0.95,1.1013,1.163,14,0.1513
6_transparent_WW,WW8,1.0,1.1641,1.2308,14,0.1641
6_transparent_WW,WW8,1.5,1.7879,1.8557,14,0.2879
6_transparent_WW,WW8,2.0,2.1966,2.2746,14,0.1966
6_transparent_WW,WW8,2.5,2.3888,2.4779,14,-0.1112
6_transparent_WW,WW9,0.5,0.5608,0.5096,14,0.0608
6_transparent_WW,WW9,0.55,0.6159,0.5564,14,0.0659
6_transparent_WW,WW9,0.6,0.5595,0.6516,14,-0.0405
6_transparent_WW,WW9,0.65,0.5953,0.6824,14,-0.0547
6_transparent_WW,WW9,0.7,0.6458,0.7253,14,-0.0542
6_transparent_WW,WW9,0.75,0.6915,0.7658,14,-0.0585
6_transparent_WW,WW9,0.8,0.802,0.8674,14,0.002
6_transparent_WW,WW9,0.85,0.8805,0.9409,14,0.0305
6_transparent_WW,WW9,0.9,1.0099,1.0655,14,0.1099
6_transparent_WW,WW9,0.95,0.9726,1.0339,14,0.0226
6_transparent_WW,WW9,1.0,1.1914,1.2547,14,0.1914
6_transparent_WW,WW9,1.5,1.7828,1.8466,14,0.2828
6_transparent_WW,WW9,2.0,2.2075,2.2832,14,0.2075
6_transparent_WW,WW9,2.5,2.3826,2.477,14,-0.1174
