pair,kind,r
opaque_WO/transparent_WO,within 4_opaque_WO,0.9065
opaque_WO/transparent_WO,within 4_opaque_WO,0.896
opaque_WO/transparent_WO,within 4_opaque_WO,0.8952
opaque_WO/transparent_WO,within 4_opaque_WO,0.8795
opaque_WO/transparent_WO,within 4_opaque_WO,0.8723
opaque_WO/transparent_WO,within 4_opaque_WO,0.8903
opaque_WO/transparent_WO,within 4_opaque_WO,0.8827
opaque_WO/transparent_WO,within 4_opaque_WO,0.8207
opaque_WO/transparent_WO,within 4_opaque_WO,0.8436
opaque_WO/transparent_WO,between,0.6263
opaque_WO/transparent_WO,between,0.4985
opaque_WO/transparent_WO,between,0.4421
opaque_WO/transparent_WO,between,0.4494
opaque_WO/transparent_WO,between,0.4014
opaque_WO/transparent_WO,between,0.4413
opaque_WO/transparent_WO,between,0.525
opaque_WO/transparent_WO,between,0.4177
opaque_WO/transparent_WO,between,0.41
opaque_WO/transparent_WO,between,0.4751
opaque_WO/transparent_WO,within 4_opaque_WO,0.9155
opaque_WO/transparent_WO,within 4_opaque_WO,0.8794
opaque_WO/transparent_WO,within 4_opaque_WO,0.9375
opaque_WO/transparent_WO,within 4_opaque_WO,0.8859
opaque_WO/transparent_WO,within 4_opaque_WO,0.8953
opaque_WO/transparent_WO,within 4_opaque_WO,0.9192
opaque_WO/transparent_WO,within 4_opaque_WO,0.8254
opaque_WO/transparent_WO,within 4_opaque_WO,0.8638
opaque_WO/transparent_WO,between,0.6052
opaque_WO/transparent_WO,between,0.4544
opaque_WO/transparent_WO,between,0.4006
opaque_WO/transparent_WO,between,0.4103
opaque_WO/transparent_WO,between,0.3659
opaque_WO/transparent_WO,between,0.4098
opaque_WO/transparent_WO,between,0.5125
opaque_WO/transparent_WO,between,0.3684
opaque_WO/transparent_WO,between,0.3766
opaque_WO/transparent_WO,between,0.4263
opaque_WO/transparent_WO,within 4_opaque_WO,0.8861
opaque_WO/transparent_WO,within 4_opaque_WO,0.9443
opaque_WO/transparent_WO,within 4_opaque_WO,0.9035
opaque_WO/transparent_WO,within 4_opaque_WO,0.9655
opaque_WO/transparent_WO,within 4_opaque_WO,0.9555
opaque_WO/transparent_WO,within 4_opaque_WO,0.8441
opaque_WO/transparent_WO,within 4_opaque_WO,0.8841
opaque_WO/transparent_WO,between,0.6057
opaque_WO/transparent_WO,between,0.4654
opaque_WO/transparent_WO,between,0.4059
opaque_WO/transparent_WO,between,0.4138
opaque_WO/transparent_WO,between,0.3676
opaque_WO/transparent_WO,between,0.4257
opaque_WO/transparent_WO,between,0.5157
opaque_WO/transparent_WO,between,0.3756
opaque_WO/transparent_WO,between,0.3735
opaque_WO/transparent_WO,between,0.433
opaque_WO/transparent_WO,within 4_opaque_WO,0.878
opaque_WO/transparent_WO,within 4_opaque_WO,0.8685
opaque_WO/transparent_WO,within 4_opaque_WO,0.8786
opaque_WO/transparent_WO,within 4_opaque_WO,0.8738
opaque_WO/transparent_WO,within 4_opaque_WO,0.8158
opaque_WO/transparent_WO,within 4_opaque_WO,0.8522
opaque_WO/transparent_WO,between,0.5808
opaque_WO/transparent_WO,between,0.4809
opaque_WO/transparent_WO,between,0.4211
opaque_WO/transparent_WO,between,0.4193
opaque_WO/transparent_WO,between,0.3848
opaque_WO/transparent_WO,between,0.4141
opaque_WO/transparent_WO,between,0.4881
opaque_WO/transparent_WO,between,0.3952
opaque_WO/transparent_WO,between,0.3904
opaque_WO/transparent_WO,between,0.4351
opaque_WO/transparent_WO,within 4_opaque_WO,0.9054
opaque_WO/transparent_WO,within 4_opaque_WO,0.9257
opaque_WO/transparent_WO,within 4_opaque_WO,0.9586
opaque_WO/transparent_WO,within 4_opaque_WO,0.85
opaque_WO/transparent_WO,within 4_opaque_WO,0.9046
opaque_WO/transparent_WO,between,0.6235
opaque_WO/transparent_WO,between,0.4807
opaque_WO/transparent_WO,between,0.4243
opaque_WO/transparent_WO,between,0.4374
opaque_WO/transparent_WO,between,0.3924
opaque_WO/transparent_WO,between,0.448
opaque_WO/transparent_WO,between,0.541
opaque_WO/transparent_WO,between,0.3953
opaque_WO/transparent_WO,between,0.3891
opaque_WO/transparent_WO,between,0.444
opaque_WO/transparent_WO,within 4_opaque_WO,0.9048
opaque_WO/transparent_WO,within 4_opaque_WO,0.9187
opaque_WO/transparent_WO,within 4_opaque_WO,0.8302
opaque_WO/transparent_WO,within 4_opaque_WO,0.8762
opaque_WO/transparent_WO,between,0.6079
opaque_WO/transparent_WO,between,0.4919
opaque_WO/transparent_WO,between,0.4183
opaque_WO/transparent_WO,between,0.4336
opaque_WO/transparent_WO,between,0.3865
opaque_WO/transparent_WO,between,0.4525
opaque_WO/transparent_WO,between,0.5163
opaque_WO/transparent_WO,between,0.3907
opaque_WO/transparent_WO,between,0.3952
opaque_WO/transparent_WO,between,0.451
opaque_WO/transparent_WO,within 4_opaque_WO,0.9606
opaque_WO/transparent_WO,within 4_opaque_WO,0.8242
opaque_WO/transparent_WO,within 4_opaque_WO,0.868
opaque_WO/transparent_WO,between,0.6099
opaque_WO/transparent_WO,between,0.49
opaque_WO/transparent_WO,between,0.4334
opaque_WO/transparent_WO,between,0.4407
opaque_WO/transparent_WO,between,0.3913
opaque_WO/transparent_WO,between,0.4528
opaque_WO/transparent_WO,between,0.5186
opaque_WO/transparent_WO,between,0.3994
opaque_WO/transparent_WO,between,0.3894
opaque_WO/transparent_WO,between,0.4513
opaque_WO/transparent_WO,within 4_opaque_WO,0.8386
opaque_WO/transparent_WO,within 4_opaque_WO,0.8916
opaque_WO/transparent_WO,between,0.6138
opaque_WO/transparent_WO,between,0.4818
opaque_WO/transparent_WO,between,0.4251
opaque_WO/transparent_WO,between,0.4309
opaque_WO/transparent_WO,between,0.3821
opaque_WO/transparent_WO,between,0.4419
opaque_WO/transparent_WO,between,0.5205
opaque_WO/transparent_WO,between,0.3781
opaque_WO/transparent_WO,between,0.3768
opaque_WO/transparent_WO,between,0.4436
opaque_WO/transparent_WO,within 4_opaque_WO,0.9601
opaque_WO/transparent_WO,between,0.6042
opaque_WO/transparent_WO,between,0.4513
opaque_WO/transparent_WO,between,0.3999
opaque_WO/transparent_WO,between,0.4275
opaque_WO/transparent_WO,between,0.3699
opaque_WO/transparent_WO,between,0.4209
opaque_WO/transparent_WO,between,0.544
opaque_WO/transparent_WO,between,0.3532
opaque_WO/transparent_WO,between,0.36
opaque_WO/transparent_WO,between,0.4423
opaque_WO/transparent_WO,between,0.6181
opaque_WO/transparent_WO,between,0.4828
opaque_WO/transparent_WO,between,0.4297
opaque_WO/transparent_WO,between,0.4513
opaque_WO/transparent_WO,between,0.3956
opaque_WO/transparent_WO,between,0.446
opaque_WO/transparent_WO,between,0.5481
opaque_WO/transparent_WO,between,0.3882
opaque_WO/transparent_WO,between,0.3907
opaque_WO/transparent_WO,between,0.4519
opaque_WO/transparent_WO,within 8_transparent_WO,0.8057
opaque_WO/transparent_WO,within 8_transparent_WO,0.7072
opaque_WO/transparent_WO,within 8_transparent_WO,0.7833
opaque_WO/transparent_WO,within 8_transparent_WO,0.7817
opaque_WO/transparent_WO,within 8_transparent_WO,0.78
opaque_WO/transparent_WO,within 8_transparent_WO,0.9247
opaque_WO/transparent_WO,within 8_transparent_WO,0.735
opaque_WO/transparent_WO,within 8_transparent_WO,0.7327
opaque_WO/transparent_WO,within 8_transparent_WO,0.8309
opaque_WO/transparent_WO,within 8_transparent_WO,0.9246
opaque_WO/transparent_WO,within 8_transparent_WO,0.9457
opaque_WO/transparent_WO,within 8_transparent_WO,0.9503
opaque_WO/transparent_WO,within 8_transparent_WO,0.9474
opaque_WO/transparent_WO,within 8_transparent_WO,0.8639
opaque_WO/transparent_WO,within 8_transparent_WO,0.9322
opaque_WO/transparent_WO,within 8_transparent_WO,0.9431
opaque_WO/transparent_WO,within 8_transparent_WO,0.9498
opaque_WO/transparent_WO,within 8_transparent_WO,0.9132
opaque_WO/transparent_WO,within 8_transparent_WO,0.911
opaque_WO/transparent_WO,within 8_transparent_WO,0.9155
opaque_WO/transparent_WO,within 8_transparent_WO,0.7671
opaque_WO/transparent_WO,within 8_transparent_WO,0.9443
opaque_WO/transparent_WO,within 8_transparent_WO,0.9256
opaque_WO/transparent_WO,within 8_transparent_WO,0.8816
opaque_WO/transparent_WO,within 8_transparent_WO,0.9338
opaque_WO/transparent_WO,within 8_transparent_WO,0.9516
opaque_WO/transparent_WO,within 8_transparent_WO,0.8537
opaque_WO/transparent_WO,within 8_transparent_WO,0.92
opaque_WO/transparent_WO,within 8_transparent_WO,0.9195
opaque_WO/transparent_WO,within 8_transparent_WO,0.9359
opaque_WO/transparent_WO,within 8_transparent_WO,0.9342
opaque_WO/transparent_WO,within 8_transparent_WO,0.8634
opaque_WO/transparent_WO,within 8_transparent_WO,0.9287
opaque_WO/transparent_WO,within 8_transparent_WO,0.9492
opaque_WO/transparent_WO,within 8_transparent_WO,0.9357
opaque_WO/transparent_WO,within 8_transparent_WO,0.8573
opaque_WO/transparent_WO,within 8_transparent_WO,0.9262
opaque_WO/transparent_WO,within 8_transparent_WO,0.9151
opaque_WO/transparent_WO,within 8_transparent_WO,0.9237
opaque_WO/transparent_WO,within 8_transparent_WO,0.798
opaque_WO/transparent_WO,within 8_transparent_WO,0.8183
opaque_WO/transparent_WO,within 8_transparent_WO,0.8958
opaque_WO/transparent_WO,within 8_transparent_WO,0.9459
opaque_WO/transparent_WO,within 8_transparent_WO,0.8978
opaque_WO/transparent_WO,within 8_transparent_WO,0.9286
opaque_FA/transparent_FA,within 3_opaque_FA,0.9286
opaque_FA/transparent_FA,within 3_opaque_FA,0.8696
opaque_FA/transparent_FA,within 3_opaque_FA,0.7572
opaque_FA/transparent_FA,within 3_opaque_FA,0.8742
opaque_FA/transparent_FA,within 3_opaque_FA,0.9051
opaque_FA/transparent_FA,within 3_opaque_FA,0.911
opaque_FA/transparent_FA,within 3_opaque_FA,0.9366
opaque_FA/transparent_FA,within 3_opaque_FA,0.9358
opaque_FA/transparent_FA,within 3_opaque_FA,0.8379
opaque_FA/transparent_FA,between,0.3515
opaque_FA/transparent_FA,between,0.4015
opaque_FA/transparent_FA,between,0.3074
opaque_FA/transparent_FA,between,0.3634
opaque_FA/transparent_FA,between,0.4028
opaque_FA/transparent_FA,between,0.3649
opaque_FA/transparent_FA,between,0.4393
opaque_FA/transparent_FA,between,0.3757
opaque_FA/transparent_FA,between,0.3756
opaque_FA/transparent_FA,between,0.3716
opaque_FA/transparent_FA,within 3_opaque_FA,0.9185
opaque_FA/transparent_FA,within 3_opaque_FA,0.7823
opaque_FA/transparent_FA,within 3_opaque_FA,0.9184
opaque_FA/transparent_FA,within 3_opaque_FA,0.9306
opaque_FA/transparent_FA,within 3_opaque_FA,0.9041
opaque_FA/transparent_FA,within 3_opaque_FA,0.941
opaque_FA/transparent_FA,within 3_opaque_FA,0.9286
opaque_FA/transparent_FA,within 3_opaque_FA,0.8152
opaque_FA/transparent_FA,between,0.2327
opaque_FA/transparent_FA,between,0.2926
opaque_FA/transparent_FA,between,0.1928
opaque_FA/transparent_FA,between,0.2555
opaque_FA/transparent_FA,between,0.2849
opaque_FA/transparent_FA,between,0.251
opaque_FA/transparent_FA,between,0.3291
opaque_FA/transparent_FA,between,0.2638
opaque_FA/transparent_FA,between,0.2536
opaque_FA/transparent_FA,between,0.2553
opaque_FA/transparent_FA,within 3_opaque_FA,0.8191
opaque_FA/transparent_FA,within 3_opaque_FA,0.9543
opaque_FA/transparent_FA,within 3_opaque_FA,0.9417
opaque_FA/transparent_FA,within 3_opaque_FA,0.8803
opaque_FA/transparent_FA,within 3_opaque_FA,0.9249
opaque_FA/transparent_FA,within 3_opaque_FA,0.925
opaque_FA/transparent_FA,within 3_opaque_FA,0.826
opaque_FA/transparent_FA,between,0.1742
opaque_FA/transparent_FA,between,0.2417
opaque_FA/transparent_FA,between,0.1324
opaque_FA/transparent_FA,between,0.1995
opaque_FA/transparent_FA,between,0.2276
opaque_FA/transparent_FA,between,0.1944
opaque_FA/transparent_FA,between,0.2867
opaque_FA/transparent_FA,between,0.2164
opaque_FA/transparent_FA,between,0.2101
opaque_FA/transparent_FA,between,0.211
opaque_FA/transparent_FA,within 3_opaque_FA,0.8026
opaque_FA/transparent_FA,within 3_opaque_FA,0.8053
opaque_FA/transparent_FA,within 3_opaque_FA,0.7474
opaque_FA/transparent_FA,within 3_opaque_FA,0.7977
opaque_FA/transparent_FA,within 3_opaque_FA,0.8112
opaque_FA/transparent_FA,within 3_opaque_FA,0.7448
opaque_FA/transparent_FA,between,0.1406
opaque_FA/transparent_FA,between,0.2076
opaque_FA/transparent_FA,between,0.1153
opaque_FA/transparent_FA,between,0.1435
opaque_FA/transparent_FA,between,0.2042
opaque_FA/transparent_FA,between,0.1538
opaque_FA/transparent_FA,between,0.2399
opaque_FA/transparent_FA,between,0.1786
opaque_FA/transparent_FA,between,0.1697
opaque_FA/transparent_FA,between,0.1815
opaque_FA/transparent_FA,within 3_opaque_FA,0.9498
opaque_FA/transparent_FA,within 3_opaque_FA,0.8816
opaque_FA/transparent_FA,within 3_opaque_FA,0.9268
opaque_FA/transparent_FA,within 3_opaque_FA,0.93
opaque_FA/transparent_FA,within 3_opaque_FA,0.809
opaque_FA/transparent_FA,between,0.1777
opaque_FA/transparent_FA,between,0.2344
opaque_FA/transparent_FA,between,0.1416
opaque_FA/transparent_FA,between,0.1976
opaque_FA/transparent_FA,between,0.2306
opaque_FA/transparent_FA,between,0.1962
opaque_FA/transparent_FA,between,0.2811
opaque_FA/transparent_FA,between,0.2193
opaque_FA/transparent_FA,between,0.1987
opaque_FA/transparent_FA,between,0.2147
opaque_FA/transparent_FA,within 3_opaque_FA,0.9133
opaque_FA/transparent_FA,within 3_opaque_FA,0.9535
opaque_FA/transparent_FA,within 3_opaque_FA,0.9542
opaque_FA/transparent_FA,within 3_opaque_FA,0.8686
opaque_FA/transparent_FA,between,0.2558
opaque_FA/transparent_FA,between,0.3145
opaque_FA/transparent_FA,between,0.2151
opaque_FA/transparent_FA,between,0.2728
opaque_FA/transparent_FA,between,0.307
opaque_FA/transparent_FA,between,0.2753
opaque_FA/transparent_FA,between,0.3537
opaque_FA/transparent_FA,between,0.291
opaque_FA/transparent_FA,between,0.2837
opaque_FA/transparent_FA,between,0.2877
opaque_FA/transparent_FA,within 3_opaque_FA,0.9284
opaque_FA/transparent_FA,within 3_opaque_FA,0.9189
opaque_FA/transparent_FA,within 3_opaque_FA,0.8957
opaque_FA/transparent_FA,between,0.3839
opaque_FA/transparent_FA,between,0.444
opaque_FA/transparent_FA,between,0.3514
opaque_FA/transparent_FA,between,0.4105
opaque_FA/transparent_FA,between,0.432
opaque_FA/transparent_FA,between,0.4116
opaque_FA/transparent_FA,between,0.4819
opaque_FA/transparent_FA,between,0.4223
opaque_FA/transparent_FA,between,0.4178
opaque_FA/transparent_FA,between,0.4117
opaque_FA/transparent_FA,within 3_opaque_FA,0.9618
opaque_FA/transparent_FA,within 3_opaque_FA,0.8651
opaque_FA/transparent_FA,between,0.3021
opaque_FA/transparent_FA,between,0.3626
opaque_FA/transparent_FA,between,0.2607
opaque_FA/transparent_FA,between,0.3302
opaque_FA/transparent_FA,between,0.3558
opaque_FA/transparent_FA,between,0.3257
opaque_FA/transparent_FA,between,0.3976
opaque_FA/transparent_FA,between,0.3358
opaque_FA/transparent_FA,between,0.3362
opaque_FA/transparent_FA,between,0.3315
opaque_FA/transparent_FA,within 3_opaque_FA,0.8801
opaque_FA/transparent_FA,between,0.3015
opaque_FA/transparent_FA,between,0.3645
opaque_FA/transparent_FA,between,0.262
opaque_FA/transparent_FA,between,0.3176
opaque_FA/transparent_FA,between,0.3575
opaque_FA/transparent_FA,between,0.3236
opaque_FA/transparent_FA,between,0.4028
opaque_FA/transparent_FA,between,0.3371
opaque_FA/transparent_FA,between,0.3316
opaque_FA/transparent_FA,between,0.3341
opaque_FA/transparent_FA,between,0.3705
opaque_FA/transparent_FA,between,0.4265
opaque_FA/transparent_FA,between,0.3331
opaque_FA/transparent_FA,between,0.3831
opaque_FA/transparent_FA,between,0.4172
opaque_FA/transparent_FA,between,0.3968
opaque_FA/transparent_FA,between,0.4601
opaque_FA/transparent_FA,between,0.404
opaque_FA/transparent_FA,between,0.4051
opaque_FA/transparent_FA,between,0.404
opaque_FA/transparent_FA,within 7_transparent_FA,0.957
opaque_FA/transparent_FA,within 7_transparent_FA,0.9696
opaque_FA/transparent_FA,within 7_transparent_FA,0.9437
opaque_FA/transparent_FA,within 7_transparent_FA,0.9741
opaque_FA/transparent_FA,within 7_transparent_FA,0.9504
opaque_FA/transparent_FA,within 7_transparent_FA,0.9379
opaque_FA/transparent_FA,within 7_transparent_FA,0.9482
opaque_FA/transparent_FA,within 7_transparent_FA,0.9478
opaque_FA/transparent_FA,within 7_transparent_FA,0.9651
opaque_FA/transparent_FA,within 7_transparent_FA,0.9369
opaque_FA/transparent_FA,within 7_transparent_FA,0.9609
opaque_FA/transparent_FA,within 7_transparent_FA,0.9684
opaque_FA/transparent_FA,within 7_transparent_FA,0.968
opaque_FA/transparent_FA,within 7_transparent_FA,0.9734
opaque_FA/transparent_FA,within 7_transparent_FA,0.9558
opaque_FA/transparent_FA,within 7_transparent_FA,0.9718
opaque_FA/transparent_FA,within 7_transparent_FA,0.9621
opaque_FA/transparent_FA,within 7_transparent_FA,0.9351
opaque_FA/transparent_FA,within 7_transparent_FA,0.9581
opaque_FA/transparent_FA,within 7_transparent_FA,0.9404
opaque_FA/transparent_FA,within 7_transparent_FA,0.9162
opaque_FA/transparent_FA,within 7_transparent_FA,0.9336
opaque_FA/transparent_FA,within 7_transparent_FA,0.9312
opaque_FA/transparent_FA,within 7_transparent_FA,0.9524
opaque_FA/transparent_FA,within 7_transparent_FA,0.9474
opaque_FA/transparent_FA,within 7_transparent_FA,0.9645
opaque_FA/transparent_FA,within 7_transparent_FA,0.9521
opaque_FA/transparent_FA,within 7_transparent_FA,0.9576
opaque_FA/transparent_FA,within 7_transparent_FA,0.9663
opaque_FA/transparent_FA,within 7_transparent_FA,0.9484
opaque_FA/transparent_FA,within 7_transparent_FA,0.9457
opaque_FA/transparent_FA,within 7_transparent_FA,0.9573
opaque_FA/transparent_FA,within 7_transparent_FA,0.9565
opaque_FA/transparent_FA,within 7_transparent_FA,0.9525
opaque_FA/transparent_FA,within 7_transparent_FA,0.9763
opaque_FA/transparent_FA,within 7_transparent_FA,0.9563
opaque_FA/transparent_FA,within 7_transparent_FA,0.9453
opaque_FA/transparent_FA,within 7_transparent_FA,0.9723
opaque_FA/transparent_FA,within 7_transparent_FA,0.9406
opaque_FA/transparent_FA,within 7_transparent_FA,0.9535
opaque_FA/transparent_FA,within 7_transparent_FA,0.9642
opaque_FA/transparent_FA,within 7_transparent_FA,0.9448
opaque_FA/transparent_FA,within 7_transparent_FA,0.9523
opaque_FA/transparent_FA,within 7_transparent_FA,0.952
opaque_FA/transparent_FA,within 7_transparent_FA,0.946
opaque_WW/transparent_WW,within 2_opaque_WW,0.6887
opaque_WW/transparent_WW,within 2_opaque_WW,0.9652
opaque_WW/transparent_WW,within 2_opaque_WW,0.2391
opaque_WW/transparent_WW,within 2_opaque_WW,0.6849
opaque_WW/transparent_WW,within 2_opaque_WW,0.6614
opaque_WW/transparent_WW,within 2_opaque_WW,0.7225
opaque_WW/transparent_WW,within 2_opaque_WW,0.9506
opaque_WW/transparent_WW,within 2_opaque_WW,0.6279
opaque_WW/transparent_WW,within 2_opaque_WW,0.9631
opaque_WW/transparent_WW,between,0.1302
opaque_WW/transparent_WW,between,0.1118
opaque_WW/transparent_WW,between,0.121
opaque_WW/transparent_WW,between,0.1266
opaque_WW/transparent_WW,between,0.1168
opaque_WW/transparent_WW,between,0.1372
opaque_WW/transparent_WW,between,0.1025
opaque_WW/transparent_WW,between,0.1056
opaque_WW/transparent_WW,between,0.1044
opaque_WW/transparent_WW,between,0.0632
opaque_WW/transparent_WW,within 2_opaque_WW,0.6872
opaque_WW/transparent_WW,within 2_opaque_WW,0.4119
opaque_WW/transparent_WW,within 2_opaque_WW,0.1851
opaque_WW/transparent_WW,within 2_opaque_WW,0.9624
opaque_WW/transparent_WW,within 2_opaque_WW,0.1897
opaque_WW/transparent_WW,within 2_opaque_WW,0.6678
opaque_WW/transparent_WW,within 2_opaque_WW,0.9144
opaque_WW/transparent_WW,within 2_opaque_WW,0.6347
opaque_WW/transparent_WW,between,0.1327
opaque_WW/transparent_WW,between,0.1424
opaque_WW/transparent_WW,between,0.135
opaque_WW/transparent_WW,between,0.1274
opaque_WW/transparent_WW,between,0.1203
opaque_WW/transparent_WW,between,0.1318
opaque_WW/transparent_WW,between,0.1052
opaque_WW/transparent_WW,between,0.1214
opaque_WW/transparent_WW,between,0.1472
opaque_WW/transparent_WW,between,0.102
opaque_WW/transparent_WW,within 2_opaque_WW,0.1944
opaque_WW/transparent_WW,within 2_opaque_WW,0.6489
opaque_WW/transparent_WW,within 2_opaque_WW,0.6701
opaque_WW/transparent_WW,within 2_opaque_WW,0.6968
opaque_WW/transparent_WW,within 2_opaque_WW,0.9241
opaque_WW/transparent_WW,within 2_opaque_WW,0.5843
opaque_WW/transparent_WW,within 2_opaque_WW,0.9227
opaque_WW/transparent_WW,between,0.1331
opaque_WW/transparent_WW,between,0.1096
opaque_WW/transparent_WW,between,0.1245
opaque_WW/transparent_WW,between,0.1303
opaque_WW/transparent_WW,between,0.1153
opaque_WW/transparent_WW,between,0.1376
opaque_WW/transparent_WW,between,0.1015
opaque_WW/transparent_WW,between,0.1035
opaque_WW/transparent_WW,between,0.1015
opaque_WW/transparent_WW,between,0.0601
opaque_WW/transparent_WW,within 2_opaque_WW,0.4389
opaque_WW/transparent_WW,within 2_opaque_WW,0.4147
opaque_WW/transparent_WW,within 2_opaque_WW,0.4118
opaque_WW/transparent_WW,within 2_opaque_WW,0.2522
opaque_WW/transparent_WW,within 2_opaque_WW,0.475
opaque_WW/transparent_WW,within 2_opaque_WW,0.2511
opaque_WW/transparent_WW,between,0.3498
opaque_WW/transparent_WW,between,0.432
opaque_WW/transparent_WW,between,0.3713
opaque_WW/transparent_WW,between,0.3959
opaque_WW/transparent_WW,between,0.3869
opaque_WW/transparent_WW,between,0.4152
opaque_WW/transparent_WW,between,0.406
opaque_WW/transparent_WW,between,0.411
opaque_WW/transparent_WW,between,0.446
opaque_WW/transparent_WW,between,0.4279
opaque_WW/transparent_WW,within 2_opaque_WW,0.1735
opaque_WW/transparent_WW,within 2_opaque_WW,0.9634
opaque_WW/transparent_WW,within 2_opaque_WW,0.7292
opaque_WW/transparent_WW,within 2_opaque_WW,0.1904
opaque_WW/transparent_WW,within 2_opaque_WW,0.7393
opaque_WW/transparent_WW,between,0.1906
opaque_WW/transparent_WW,between,0.1957
opaque_WW/transparent_WW,between,0.1798
opaque_WW/transparent_WW,between,0.2159
opaque_WW/transparent_WW,between,0.1971
opaque_WW/transparent_WW,between,0.2314
opaque_WW/transparent_WW,between,0.205
opaque_WW/transparent_WW,between,0.1943
opaque_WW/transparent_WW,between,0.1988
opaque_WW/transparent_WW,between,0.1732
opaque_WW/transparent_WW,within 2_opaque_WW,0.1654
opaque_WW/transparent_WW,within 2_opaque_WW,0.6747
opaque_WW/transparent_WW,within 2_opaque_WW,0.9414
opaque_WW/transparent_WW,within 2_opaque_WW,0.6286
opaque_WW/transparent_WW,between,0.1439
opaque_WW/transparent_WW,between,0.1531
opaque_WW/transparent_WW,between,0.1528
opaque_WW/transparent_WW,between,0.1393
opaque_WW/transparent_WW,between,0.1334
opaque_WW/transparent_WW,between,0.1505
opaque_WW/transparent_WW,between,0.1188
opaque_WW/transparent_WW,between,0.1322
opaque_WW/transparent_WW,between,0.1598
opaque_WW/transparent_WW,between,0.1209
opaque_WW/transparent_WW,within 2_opaque_WW,0.7375
opaque_WW/transparent_WW,within 2_opaque_WW,0.1768
opaque_WW/transparent_WW,within 2_opaque_WW,0.7562
opaque_WW/transparent_WW,between,0.1927
opaque_WW/transparent_WW,between,0.1986
opaque_WW/transparent_WW,between,0.1812
opaque_WW/transparent_WW,between,0.2125
opaque_WW/transparent_WW,between,0.1976
opaque_WW/transparent_WW,between,0.2284
opaque_WW/transparent_WW,between,0.206
opaque_WW/transparent_WW,between,0.1957
opaque_WW/transparent_WW,between,0.1954
opaque_WW/transparent_WW,between,0.1689
opaque_WW/transparent_WW,within 2_opaque_WW,0.6777
opaque_WW/transparent_WW,within 2_opaque_WW,0.9836
opaque_WW/transparent_WW,between,0.1051
opaque_WW/transparent_WW,between,0.0846
opaque_WW/transparent_WW,between,0.0948
opaque_WW/transparent_WW,between,0.1005
opaque_WW/transparent_WW,between,0.0865
opaque_WW/transparent_WW,between,0.1144
opaque_WW/transparent_WW,between,0.073
opaque_WW/transparent_WW,between,0.0755
opaque_WW/transparent_WW,between,0.0836
opaque_WW/transparent_WW,between,0.0419
opaque_WW/transparent_WW,within 2_opaque_WW,0.6363
opaque_WW/transparent_WW,between,0.1339
opaque_WW/transparent_WW,between,0.1493
opaque_WW/transparent_WW,between,0.1447
opaque_WW/transparent_WW,between,0.1293
opaque_WW/transparent_WW,between,0.1287
opaque_WW/transparent_WW,between,0.1484
opaque_WW/transparent_WW,between,0.1177
opaque_WW/transparent_WW,between,0.1333
opaque_WW/transparent_WW,between,0.1621
opaque_WW/transparent_WW,between,0.127
opaque_WW/transparent_WW,between,0.1157
opaque_WW/transparent_WW,between,0.0995
opaque_WW/transparent_WW,between,0.107
opaque_WW/transparent_WW,between,0.1136
opaque_WW/transparent_WW,between,0.1037
opaque_WW/transparent_WW,between,0.1272
opaque_WW/transparent_WW,between,0.0896
opaque_WW/transparent_WW,between,0.0925
opaque_WW/transparent_WW,between,0.0955
opaque_WW/transparent_WW,between,0.0539
opaque_WW/transparent_WW,within 6_transparent_WW,0.9351
opaque_WW/transparent_WW,within 6_transparent_WW,0.9705
opaque_WW/transparent_WW,within 6_transparent_WW,0.9678
opaque_WW/transparent_WW,within 6_transparent_WW,0.9642
opaque_WW/transparent_WW,within 6_transparent_WW,0.9509
opaque_WW/transparent_WW,within 6_transparent_WW,0.9413
opaque_WW/transparent_WW,within 6_transparent_WW,0.943
opaque_WW/transparent_WW,within 6_transparent_WW,0.9352
opaque_WW/transparent_WW,within 6_transparent_WW,0.9318
opaque_WW/transparent_WW,within 6_transparent_WW,0.9452
opaque_WW/transparent_WW,within 6_transparent_WW,0.9579
opaque_WW/transparent_WW,within 6_transparent_WW,0.9582
opaque_WW/transparent_WW,within 6_transparent_WW,0.9646
opaque_WW/transparent_WW,within 6_transparent_WW,0.9709
opaque_WW/transparent_WW,within 6_transparent_WW,0.9715
opaque_WW/transparent_WW,within 6_transparent_WW,0.9733
opaque_WW/transparent_WW,within 6_transparent_WW,0.9717
opaque_WW/transparent_WW,within 6_transparent_WW,0.9765
opaque_WW/transparent_WW,within 6_transparent_WW,0.9721
opaque_WW/transparent_WW,within 6_transparent_WW,0.9634
opaque_WW/transparent_WW,within 6_transparent_WW,0.9555
opaque_WW/transparent_WW,within 6_transparent_WW,0.9542
opaque_WW/transparent_WW,within 6_transparent_WW,0.9484
opaque_WW/transparent_WW,within 6_transparent_WW,0.9435
opaque_WW/transparent_WW,within 6_transparent_WW,0.9749
opaque_WW/transparent_WW,within 6_transparent_WW,0.9715
opaque_WW/transparent_WW,within 6_transparent_WW,0.9636
opaque_WW/transparent_WW,within 6_transparent_WW,0.9643
opaque_WW/transparent_WW,within 6_transparent_WW,0.9585
opaque_WW/transparent_WW,within 6_transparent_WW,0.9563
opaque_WW/transparent_WW,within 6_transparent_WW,0.9692
opaque_WW/transparent_WW,within 6_transparent_WW,0.9614
opaque_WW/transparent_WW,within 6_transparent_WW,0.9654
opaque_WW/transparent_WW,within 6_transparent_WW,0.9538
opaque_WW/transparent_WW,within 6_transparent_WW,0.9576
opaque_WW/transparent_WW,within 6_transparent_WW,0.9709
opaque_WW/transparent_WW,within 6_transparent_WW,0.969
opaque_WW/transparent_WW,within 6_transparent_WW,0.9605
opaque_WW/transparent_WW,within 6_transparent_WW,0.9605
opaque_WW/transparent_WW,within 6_transparent_WW,0.9714
opaque_WW/transparent_WW,within 6_transparent_WW,0.9667
opaque_WW/transparent_WW,within 6_transparent_WW,0.9638
opaque_WW/transparent_WW,within 6_transparent_WW,0.9678
opaque_WW/transparent_WW,within 6_transparent_WW,0.9716
opaque_WW/transparent_WW,within 6_transparent_WW,0.9734
